Title;J30
Description;Dataset proposed in the paper Kolisch, R. and A. Sprecher (1996): PSPLIB - A project scheduling library, European Journal of Operational Research, Vol. 96,pp. 205--216.
Number;480
Format;sm
ID;Ref1;Ref2;Ref3;LB value;LB ref;LB time;UB value;UB ref;UB time;OPT value;OPT ref;OPT time;CPM;Sum PT;# Act;CNC;OS;SP/I2;AD/I3;LA/I4;I5;TF/I6;# RR;RF/RR;RU/RR;RS/RR;RC/RR;# NR;RF/NR;RU/NR;RS/NR;RC/NR;# Modes
1;j301_1.sm;0;0;43;1;10;43;1;10;43;1;10;38;158;30;1,400;0,338;0,276;0,482;0,010;0,705;0,393;4;0,250;1,000;0,398;0,456;0;0,000;0,000;0,000;0,000;1,000
2;j301_2.sm;0;0;47;1;10;47;1;10;47;1;10;42;160;30;1,400;0,287;0,207;0,348;0,017;0,760;0,275;4;0,250;1,000;0,197;0,515;0;0,000;0,000;0,000;0,000;1,000
3;j301_3.sm;0;0;47;1;10;47;1;10;47;1;10;43;141;30;1,400;0,363;0,276;0,321;0,037;0,638;0,310;4;0,250;1,000;0,186;0,473;0;0,000;0,000;0,000;0,000;1,000
4;j301_4.sm;0;0;62;1;20;62;1;20;62;1;20;55;184;30;1,400;0,333;0,241;0,312;0,032;0,744;0,227;4;0,250;1,000;0,391;0,492;0;0,000;0,000;0,000;0,000;1,000
5;j301_5.sm;0;0;39;1;10;39;1;10;39;1;10;31;119;30;1,400;0,324;0,276;0,357;0,049;0,695;0,381;4;0,250;1,000;0,192;0,518;0;0,000;0,000;0,000;0,000;1,000
6;j301_6.sm;0;0;48;1;10;48;1;10;48;1;10;38;123;30;1,400;0,389;0,276;0,411;0,032;0,810;0,315;4;0,250;1,000;0,400;0,538;0;0,000;0,000;0,000;0,000;1,000
7;j301_7.sm;0;0;60;CPM;0;60;1;0;60;1;0;60;148;30;1,400;0,372;0,310;0,278;0,015;0,658;0,417;4;0,250;1,000;0,429;0,539;0;0,000;0,000;0,000;0,000;1,000
8;j301_8.sm;0;0;53;CPM;0;53;1;10;53;1;10;53;157;30;1,400;0,290;0,207;0,413;0,040;0,787;0,217;4;0,250;1,000;0,210;0,449;0;0,000;0,000;0,000;0,000;1,000
9;j301_9.sm;0;0;49;1;10;49;1;10;49;1;10;42;160;30;1,400;0,354;0,241;0,273;0,043;0,733;0,260;4;0,250;1,000;0,203;0,529;0;0,000;0,000;0,000;0,000;1,000
10;j301_10.sm;0;0;45;1;0;45;1;0;45;1;0;37;149;30;1,400;0,340;0,241;0,260;0,011;0,689;0,273;4;0,250;1,000;0,163;0,496;0;0,000;0,000;0,000;0,000;1,000
11;j302_1.sm;0;0;38;1;10;38;1;10;38;1;10;34;149;30;1,400;0,308;0,241;0,403;0,029;0,711;0,377;4;0,250;1,000;0,636;0,430;0;0,000;0,000;0,000;0,000;1,000
12;j302_2.sm;0;0;51;1;10;51;1;10;51;1;10;46;181;30;1,400;0,278;0,172;0,300;0,047;0,767;0,142;4;0,250;1,000;0,549;0,383;0;0,000;0,000;0,000;0,000;1,000
13;j302_3.sm;0;0;43;CPM;0;43;1;10;43;1;10;43;175;30;1,400;0,294;0,207;0,362;0,042;0,787;0,225;4;0,250;1,000;0,550;0,394;0;0,000;0,000;0,000;0,000;1,000
14;j302_4.sm;0;0;43;1;10;43;1;10;43;1;10;42;161;30;1,400;0,329;0,172;0,300;0,074;0,883;0,083;4;0,250;1,000;0,661;0,369;0;0,000;0,000;0,000;0,000;1,000
15;j302_5.sm;0;0;51;CPM;0;51;1;10;51;1;10;51;170;30;1,400;0,372;0,276;0,268;0,038;0,771;0,280;4;0,250;1,000;0,558;0,401;0;0,000;0,000;0,000;0,000;1,000
16;j302_6.sm;0;0;47;CPM;0;47;1;10;47;1;10;47;146;30;1,400;0,354;0,241;0,364;0,050;0,767;0,208;4;0,250;1,000;0,640;0,378;0;0,000;0,000;0,000;0,000;1,000
17;j302_7.sm;0;0;47;CPM;0;47;1;0;47;1;0;47;153;30;1,400;0,297;0,241;0,416;0,018;0,744;0,344;4;0,250;1,000;0,500;0,410;0;0,000;0,000;0,000;0,000;1,000
18;j302_8.sm;0;0;54;1;0;54;1;0;54;1;0;50;164;30;1,400;0,322;0,276;0,357;0,026;0,638;0,399;4;0,250;1,000;0,518;0,458;0;0,000;0,000;0,000;0,000;1,000
19;j302_9.sm;0;0;54;1;10;54;1;10;54;1;10;51;193;30;1,400;0,292;0,207;0,261;0,000;0,600;0,203;4;0,250;1,000;0,527;0,415;0;0,000;0,000;0,000;0,000;1,000
20;j302_10.sm;0;0;43;1;50;43;1;50;43;1;50;41;151;30;1,400;0,384;0,241;0,364;0,021;0,789;0,195;4;0,250;1,000;0,508;0,404;0;0,000;0,000;0,000;0,000;1,000
21;j303_1.sm;0;0;72;CPM;0;72;1;50;72;1;50;72;205;30;1,400;0,411;0,310;0,278;0,072;0,792;0,322;4;0,250;1,000;0,699;0,376;0;0,000;0,000;0,000;0,000;1,000
22;j303_2.sm;0;0;40;1;50;40;1;50;40;1;50;39;143;30;1,400;0,324;0,207;0,275;0,028;0,693;0,152;4;0,250;1,000;0,708;0,322;0;0,000;0,000;0,000;0,000;1,000
23;j303_3.sm;0;0;57;CPM;0;57;1;60;57;1;60;57;177;30;1,400;0,359;0,276;0,429;0,011;0,619;0,387;4;0,250;1,000;0,715;0,398;0;0,000;0,000;0,000;0,000;1,000
24;j303_4.sm;0;0;98;CPM;0;98;1;80;98;1;80;98;191;30;1,400;0,499;0,414;0,373;0,043;0,715;0,402;4;0,250;1,000;0,792;0,528;0;0,000;0,000;0,000;0,000;1,000
25;j303_5.sm;0;0;53;1;80;53;1;80;53;1;80;46;180;30;1,400;0,352;0,276;0,411;0,022;0,676;0,393;4;0,250;1,000;0,731;0,407;0;0,000;0,000;0,000;0,000;1,000
26;j303_6.sm;0;0;54;1;90;54;1;90;54;1;90;53;163;30;1,400;0,386;0,276;0,375;0,013;0,705;0,304;4;0,250;1,000;0,715;0,365;0;0,000;0,000;0,000;0,000;1,000
27;j303_7.sm;0;0;48;CPM;0;48;1;80;48;1;80;48;148;30;1,400;0,303;0,207;0,413;0,033;0,827;0,261;4;0,250;1,000;0,807;0,308;0;0,000;0,000;0,000;0,000;1,000
28;j303_8.sm;0;0;54;CPM;0;54;1;80;54;1;80;54;155;30;1,400;0,326;0,241;0,455;0,018;0,656;0,325;4;0,250;1,000;0,758;0,407;0;0,000;0,000;0,000;0,000;1,000
29;j303_9.sm;0;0;65;1;80;65;1;80;65;1;80;60;158;30;1,400;0,354;0,276;0,464;0,011;0,667;0,351;4;0,250;1,000;0,725;0,424;0;0,000;0,000;0,000;0,000;1,000
30;j303_10.sm;0;0;59;1;80;59;1;80;59;1;80;57;177;30;1,400;0,384;0,241;0,403;0,057;0,811;0,221;4;0,250;1,000;0,652;0,386;0;0,000;0,000;0,000;0,000;1,000
31;j304_1.sm;0;0;49;CPM;0;49;1;70;49;1;70;49;142;30;1,400;0,451;0,276;0,250;0,013;0,790;0,226;4;0,250;1,000;1,000;0,322;0;0,000;0,000;0,000;0,000;1,000
32;j304_2.sm;0;0;60;CPM;0;60;1;70;60;1;70;60;165;30;1,400;0,402;0,310;0,167;0,049;0,608;0,361;4;0,250;1,000;1,000;0,438;0;0,000;0,000;0,000;0,000;1,000
33;j304_3.sm;0;0;47;CPM;0;47;1;80;47;1;80;47;166;30;1,400;0,324;0,241;0,312;0,010;0,722;0,279;4;0,250;1,000;1,000;0,403;0;0,000;0,000;0,000;0,000;1,000
34;j304_4.sm;0;0;57;CPM;0;57;1;80;57;1;80;57;170;30;1,400;0,476;0,276;0,214;0,071;0,762;0,196;4;0,250;1,000;1,000;0,330;0;0,000;0,000;0,000;0,000;1,000
35;j304_5.sm;0;0;59;CPM;0;59;1;70;59;1;70;59;172;30;1,400;0,336;0,276;0,357;0,012;0,648;0,387;4;0,250;1,000;1,000;0,416;0;0,000;0,000;0,000;0,000;1,000
36;j304_6.sm;0;0;45;CPM;0;45;1;80;45;1;80;45;157;30;1,400;0,382;0,310;0,333;0,055;0,617;0,428;4;0,250;1,000;1,000;0,346;0;0,000;0,000;0,000;0,000;1,000
37;j304_7.sm;0;0;56;CPM;0;56;1;60;56;1;60;56;195;30;1,400;0,352;0,276;0,464;0,042;0,762;0,345;4;0,250;1,000;1,000;0,301;0;0,000;0,000;0,000;0,000;1,000
38;j304_8.sm;0;0;55;CPM;0;55;1;60;55;1;60;55;171;30;1,400;0,398;0,276;0,321;0,061;0,810;0,315;4;0,250;1,000;1,000;0,316;0;0,000;0,000;0,000;0,000;1,000
39;j304_9.sm;0;0;38;CPM;0;38;1;40;38;1;40;38;149;30;1,400;0,326;0,241;0,312;0,011;0,644;0,279;4;0,250;1,000;1,000;0,356;0;0,000;0,000;0,000;0,000;1,000
40;j304_10.sm;0;0;48;CPM;0;48;1;30;48;1;30;48;157;30;1,400;0,347;0,241;0,403;0,029;0,733;0,286;4;0,250;1,000;1,000;0,428;0;0,000;0,000;0,000;0,000;1,000
41;j305_1.sm;0;0;53;1;70;53;1;70;53;1;70;41;161;30;1,400;0,324;0,207;0,246;0,039;0,693;0,130;4;0,508;2,033;0,211;0,382;0;0,000;0,000;0,000;0,000;1,000
42;j305_2.sm;0;0;82;1;70;82;1;70;82;1;70;56;182;30;1,400;0,322;0,207;0,261;0,038;0,760;0,167;4;0,508;2,033;0,195;0,416;0;0,000;0,000;0,000;0,000;1,000
43;j305_3.sm;0;0;76;1;110;76;1;110;76;1;110;54;176;30;1,400;0,329;0,241;0,403;0,029;0,700;0,286;4;0,508;2,033;0,214;0,429;0;0,000;0,000;0,000;0,000;1,000
44;j305_4.sm;0;0;63;1;230;63;1;230;63;1;230;43;200;30;1,400;0,294;0,207;0,362;0,025;0,707;0,283;4;0,508;2,033;0,203;0,383;0;0,000;0,000;0,000;0,000;1,000
45;j305_5.sm;0;0;76;1;80;76;1;80;76;1;80;58;168;30;1,400;0,368;0,310;0,389;0,015;0,650;0,389;4;0,508;2,033;0,208;0,430;0;0,000;0,000;0,000;0,000;1,000
46;j305_6.sm;0;0;64;1;120;64;1;120;64;1;120;47;175;30;1,400;0,301;0,207;0,413;0,025;0,653;0,196;4;0,508;2,033;0,195;0,390;0;0,000;0,000;0,000;0,000;1,000
47;j305_7.sm;0;0;76;1;430;76;1;430;76;1;430;43;179;30;1,400;0,253;0,172;0,300;0,031;0,717;0,167;4;0,508;2,033;0,209;0,412;0;0,000;0,000;0,000;0,000;1,000
48;j305_8.sm;0;0;67;1;100;67;1;100;67;1;100;53;174;30;1,400;0,345;0,241;0,169;0,012;0,667;0,221;4;0,508;2,033;0,219;0,439;0;0,000;0,000;0,000;0,000;1,000
49;j305_9.sm;0;0;49;1;130;49;1;130;49;1;130;38;148;30;1,400;0,333;0,276;0,464;0,010;0,724;0,393;4;0,508;2,033;0,208;0,378;0;0,000;0,000;0,000;0,000;1,000
50;j305_10.sm;0;0;70;1;100;70;1;100;70;1;100;56;174;30;1,400;0,320;0,241;0,260;0,057;0,711;0,266;4;0,508;2,033;0,224;0,417;0;0,000;0,000;0,000;0,000;1,000
51;j306_1.sm;0;0;59;1;80;59;1;80;59;1;80;54;178;30;1,400;0,359;0,241;0,403;0,057;0,844;0,266;4;0,508;2,033;0,522;0,323;0;0,000;0,000;0,000;0,000;1,000
52;j306_2.sm;0;0;51;1;90;51;1;90;51;1;90;50;165;30;1,400;0,370;0,276;0,321;0,014;0,562;0,304;4;0,508;2,033;0,521;0,331;0;0,000;0,000;0,000;0,000;1,000
53;j306_3.sm;0;0;48;1;70;48;1;70;48;1;70;45;162;30;1,400;0,368;0,241;0,312;0,064;0,778;0,201;4;0,508;2,033;0,526;0,289;0;0,000;0,000;0,000;0,000;1,000
54;j306_4.sm;0;0;42;1;90;42;1;90;42;1;90;36;169;30;1,400;0,310;0,241;0,325;0,040;0,778;0,325;4;0,508;2,033;0,516;0,312;0;0,000;0,000;0,000;0,000;1,000
55;j306_5.sm;0;0;67;1;80;67;1;80;67;1;80;57;198;30;1,400;0,352;0,241;0,312;0,031;0,700;0,299;4;0,508;2,033;0,507;0,320;0;0,000;0,000;0,000;0,000;1,000
56;j306_6.sm;0;0;37;1;70;37;1;70;37;1;70;35;140;30;1,400;0,320;0,276;0,482;0,040;0,733;0,417;4;0,508;2,033;0,521;0,275;0;0,000;0,000;0,000;0,000;1,000
57;j306_7.sm;0;0;46;1;80;46;1;80;46;1;80;43;149;30;1,400;0,389;0,276;0,250;0,041;0,771;0,310;4;0,508;2,033;0,532;0,307;0;0,000;0,000;0,000;0,000;1,000
58;j306_8.sm;0;0;39;CPM;0;39;1;40;39;1;40;39;164;30;1,400;0,280;0,207;0,362;0,025;0,747;0,326;4;0,508;2,033;0,516;0,300;0;0,000;0,000;0,000;0,000;1,000
59;j306_9.sm;0;0;51;1;40;51;1;40;51;1;40;48;149;30;1,400;0,391;0,276;0,357;0,011;0,705;0,238;4;0,508;2,033;0,545;0,345;0;0,000;0,000;0,000;0,000;1,000
60;j306_10.sm;0;0;61;1;50;61;1;50;61;1;50;58;188;30;1,400;0,366;0,276;0,304;0,014;0,676;0,304;4;0,508;2,033;0,520;0,332;0;0,000;0,000;0,000;0,000;1,000
61;j307_1.sm;0;0;55;CPM;0;55;1;40;55;1;40;55;167;30;1,400;0,343;0,241;0,364;0,072;0,822;0,292;4;0,508;2,033;0,651;0,252;0;0,000;0,000;0,000;0,000;1,000
62;j307_2.sm;0;0;42;CPM;0;42;1;50;42;1;50;42;160;30;1,400;0,317;0,207;0,362;0,034;0,773;0,181;4;0,508;2,033;0,697;0,273;0;0,000;0,000;0,000;0,000;1,000
63;j307_3.sm;0;0;42;1;70;42;1;70;42;1;70;39;148;30;1,400;0,343;0,276;0,214;0,014;0,562;0,369;4;0,508;2,033;0,713;0,251;0;0,000;0,000;0,000;0,000;1,000
64;j307_4.sm;0;0;44;CPM;0;44;1;50;44;1;50;44;156;30;1,400;0,333;0,241;0,364;0,030;0,733;0,292;4;0,508;2,033;0,704;0,270;0;0,000;0,000;0,000;0,000;1,000
65;j307_5.sm;0;0;44;1;70;44;1;70;44;1;70;41;180;30;1,400;0,308;0,241;0,351;0,010;0,667;0,325;4;0,508;2,033;0,715;0,248;0;0,000;0,000;0,000;0,000;1,000
66;j307_6.sm;0;0;35;CPM;0;35;1;70;35;1;70;35;128;30;1,400;0,294;0,207;0,312;0,017;0,720;0,239;4;0,508;2,033;0,705;0,227;0;0,000;0,000;0,000;0,000;1,000
67;j307_7.sm;0;0;50;CPM;0;50;1;70;50;1;70;50;162;30;1,400;0,354;0,276;0,411;0,057;0,790;0,369;4;0,508;2,033;0,785;0,284;0;0,000;0,000;0,000;0,000;1,000
68;j307_8.sm;0;0;44;1;60;44;1;60;44;1;60;43;173;30;1,400;0,320;0,207;0,261;0,029;0,733;0,210;4;0,508;2,033;0,729;0,292;0;0,000;0,000;0,000;0,000;1,000
69;j307_9.sm;0;0;60;1;70;60;1;70;60;1;70;56;155;30;1,400;0,356;0,276;0,411;0,011;0,695;0,298;4;0,508;2,033;0,689;0,282;0;0,000;0,000;0,000;0,000;1,000
70;j307_10.sm;0;0;49;1;80;49;1;80;49;1;80;43;146;30;1,400;0,382;0,276;0,411;0,037;0,752;0,286;4;0,508;2,033;0,706;0,261;0;0,000;0,000;0,000;0,000;1,000
71;j308_1.sm;0;0;44;CPM;0;44;1;70;44;1;70;44;147;30;1,400;0,363;0,241;0,286;0,012;0,567;0,221;4;0,508;2,033;1,000;0,250;0;0,000;0,000;0,000;0,000;1,000
72;j308_2.sm;0;0;51;CPM;0;51;1;40;51;1;40;51;182;30;1,400;0,359;0,241;0,364;0,029;0,789;0,266;4;0,508;2,033;1,000;0,193;0;0,000;0,000;0,000;0,000;1,000
73;j308_3.sm;0;0;53;CPM;0;53;1;70;53;1;70;53;182;30;1,400;0,276;0,241;0,506;0,025;0,767;0,409;4;0,508;2,033;1,000;0,211;0;0,000;0,000;0,000;0,000;1,000
74;j308_4.sm;0;0;48;CPM;0;48;1;50;48;1;50;48;150;30;1,400;0,326;0,241;0,364;0,030;0,711;0,299;4;0,508;2,033;1,000;0,217;0;0,000;0,000;0,000;0,000;1,000
75;j308_5.sm;0;0;58;CPM;0;58;1;50;58;1;50;58;178;30;1,400;0,372;0,276;0,357;0,011;0,714;0,286;4;0,508;2,033;1,000;0,231;0;0,000;0,000;0,000;0,000;1,000
76;j308_6.sm;0;0;47;CPM;0;47;1;50;47;1;50;47;187;30;1,400;0,308;0,207;0,348;0,035;0,760;0,181;4;0,508;2,033;1,000;0,194;0;0,000;0,000;0,000;0,000;1,000
77;j308_7.sm;0;0;41;CPM;0;41;1;40;41;1;40;41;157;30;1,400;0,315;0,207;0,362;0,035;0,760;0,188;4;0,508;2,033;1,000;0,172;0;0,000;0,000;0,000;0,000;1,000
78;j308_8.sm;0;0;51;CPM;0;51;1;40;51;1;40;51;155;30;1,400;0,324;0,241;0,260;0,033;0,667;0,240;4;0,508;2,033;1,000;0,240;0;0,000;0,000;0,000;0,000;1,000
79;j308_9.sm;0;0;39;CPM;0;39;1;50;39;1;50;39;166;30;1,400;0,276;0,207;0,464;0,015;0,773;0,283;4;0,508;2,033;1,000;0,182;0;0,000;0,000;0,000;0,000;1,000
80;j308_10.sm;0;0;67;CPM;0;67;1;40;67;1;40;67;165;30;1,400;0,414;0,310;0,222;0,031;0,700;0,267;4;0,508;2,033;1,000;0,237;0;0,000;0,000;0,000;0,000;1,000
81;j309_1.sm;0;0;83;1;1920;83;1;1920;83;1;1920;55;165;30;1,400;0,352;0,276;0,304;0,013;0,610;0,327;4;0,758;3,033;0,205;0,389;0;0,000;0,000;0,000;0,000;1,000
82;j309_2.sm;0;0;92;1;290;92;1;290;92;1;290;45;161;30;1,400;0,361;0,310;0,222;0,016;0,675;0,394;4;0,758;3,033;0,181;0,441;0;0,000;0,000;0,000;0,000;1,000
83;j309_3.sm;0;0;68;1;130;68;1;130;68;1;130;48;166;30;1,400;0,306;0,241;0,312;0,031;0,700;0,273;4;0,758;3,033;0,206;0,375;0;0,000;0,000;0,000;0,000;1,000
84;j309_4.sm;0;0;71;1;580;71;1;580;71;1;580;52;165;30;1,400;0,313;0,207;0,362;0,017;0,707;0,239;4;0,758;3,033;0,192;0,378;0;0,000;0,000;0,000;0,000;1,000
85;j309_5.sm;0;0;70;1;80;70;1;80;70;1;80;53;139;30;1,400;0,386;0,276;0,321;0,012;0,676;0,196;4;0,758;3,033;0,197;0,391;0;0,000;0,000;0,000;0,000;1,000
86;j309_6.sm;0;0;59;1;220;59;1;220;59;1;220;47;146;30;1,400;0,329;0,207;0,261;0,059;0,760;0,188;4;0,758;3,033;0,200;0,351;0;0,000;0,000;0,000;0,000;1,000
87;j309_7.sm;0;0;63;1;1320;63;1;1320;63;1;1320;41;161;30;1,400;0,345;0,241;0,312;0,053;0,767;0,305;4;0,758;3,033;0,199;0,342;0;0,000;0,000;0,000;0,000;1,000
88;j309_8.sm;0;0;91;1;200;91;1;200;91;1;200;54;193;30;1,400;0,352;0,241;0,351;0,031;0,678;0,305;4;0,758;3,033;0,202;0,378;0;0,000;0,000;0,000;0,000;1,000
89;j309_9.sm;0;0;63;1;310;63;1;310;63;1;310;37;135;30;1,400;0,336;0,207;0,261;0,039;0,720;0,094;4;0,758;3,033;0,190;0,378;0;0,000;0,000;0,000;0,000;1,000
90;j309_10.sm;0;0;88;1;610;88;1;610;88;1;610;63;186;30;1,400;0,382;0,276;0,304;0,037;0,733;0,345;4;0,758;3,033;0,202;0,395;0;0,000;0,000;0,000;0,000;1,000
91;j3010_1.sm;0;0;42;1;80;42;1;80;42;1;80;41;164;30;1,400;0,333;0,241;0,416;0,010;0,733;0,292;4;0,758;3,033;0,514;0,218;0;0,000;0,000;0,000;0,000;1,000
92;j3010_2.sm;0;0;56;1;50;56;1;50;56;1;50;52;164;30;1,400;0,395;0,241;0,208;0,062;0,711;0,149;4;0,758;3,033;0,510;0,267;0;0,000;0,000;0,000;0,000;1,000
93;j3010_3.sm;0;0;62;1;100;62;1;100;62;1;100;61;185;30;1,400;0,393;0,241;0,260;0,054;0,789;0,162;4;0,758;3,033;0,516;0,266;0;0,000;0,000;0,000;0,000;1,000
94;j3010_4.sm;0;0;58;1;100;58;1;100;58;1;100;53;188;30;1,400;0,375;0,276;0,464;0,021;0,752;0,280;4;0,758;3,033;0,518;0,257;0;0,000;0,000;0,000;0,000;1,000
95;j3010_5.sm;0;0;41;CPM;0;41;1;60;41;1;60;41;163;30;1,400;0,290;0,172;0,200;0,035;0,717;0,142;4;0,758;3,033;0,519;0,226;0;0,000;0,000;0,000;0,000;1,000
96;j3010_6.sm;0;0;44;1;80;44;1;80;44;1;80;40;146;30;1,400;0,336;0,207;0,297;0,019;0,720;0,181;4;0,758;3,033;0,509;0,268;0;0,000;0,000;0,000;0,000;1,000
97;j3010_7.sm;0;0;49;1;40;49;1;40;49;1;40;47;188;30;1,400;0,333;0,207;0,210;0,010;0,667;0,138;4;0,758;3,033;0,508;0,211;0;0,000;0,000;0,000;0,000;1,000
98;j3010_8.sm;0;0;54;1;80;54;1;80;54;1;80;50;176;30;1,400;0,313;0,207;0,362;0,061;0,800;0,232;4;0,758;3,033;0,504;0,259;0;0,000;0,000;0,000;0,000;1,000
99;j3010_9.sm;0;0;49;CPM;0;49;1;40;49;1;40;49;152;30;1,400;0,292;0,207;0,413;0,034;0,733;0,254;4;0,758;3,033;0,503;0,222;0;0,000;0,000;0,000;0,000;1,000
100;j3010_10.sm;0;0;41;1;100;41;1;100;41;1;100;37;157;30;1,400;0,292;0,207;0,428;0,008;0,707;0,261;4;0,758;3,033;0,503;0,216;0;0,000;0,000;0,000;0,000;1,000
101;j3011_1.sm;0;0;54;1;40;54;1;40;54;1;40;52;161;30;1,400;0,391;0,276;0,286;0,000;0,733;0,220;4;0,758;3,033;0,722;0,277;0;0,000;0,000;0,000;0,000;1,000
102;j3011_2.sm;0;0;56;CPM;0;56;1;40;56;1;40;56;199;30;1,400;0,324;0,241;0,273;0,032;0,644;0,240;4;0,758;3,033;0,700;0,217;0;0,000;0,000;0,000;0,000;1,000
103;j3011_3.sm;0;0;81;CPM;0;81;1;50;81;1;50;81;185;30;1,400;0,386;0,379;0,485;0,000;0,553;0,500;4;0,758;3,033;0,700;0,213;0;0,000;0,000;0,000;0,000;1,000
104;j3011_4.sm;0;0;63;1;50;63;1;50;63;1;50;60;191;30;1,400;0,432;0,276;0,250;0,046;0,781;0,220;4;0,758;3,033;0,700;0,238;0;0,000;0,000;0,000;0,000;1,000
105;j3011_5.sm;0;0;49;1;50;49;1;50;49;1;50;48;173;30;1,400;0,352;0,241;0,325;0,033;0,756;0,253;4;0,758;3,033;0,691;0,237;0;0,000;0,000;0,000;0,000;1,000
106;j3011_6.sm;0;0;44;CPM;0;44;1;50;44;1;50;44;167;30;1,400;0,324;0,241;0,364;0,021;0,678;0,305;4;0,758;3,033;0,714;0,204;0;0,000;0,000;0,000;0,000;1,000
107;j3011_7.sm;0;0;36;1;50;36;1;50;36;1;50;35;175;30;1,400;0,274;0,207;0,312;0,009;0,667;0,283;4;0,758;3,033;0,700;0,177;0;0,000;0,000;0,000;0,000;1,000
108;j3011_8.sm;0;0;62;CPM;0;62;1;60;62;1;60;62;183;30;1,400;0,354;0,276;0,250;0,027;0,581;0,315;4;0,758;3,033;0,705;0,247;0;0,000;0,000;0,000;0,000;1,000
109;j3011_9.sm;0;0;67;CPM;0;67;1;40;67;1;40;67;152;30;1,400;0,402;0,310;0,278;0,016;0,667;0,333;4;0,758;3,033;0,703;0,246;0;0,000;0,000;0,000;0,000;1,000
110;j3011_10.sm;0;0;38;CPM;0;38;1;40;38;1;40;38;152;30;1,400;0,322;0,241;0,364;0,049;0,789;0,344;4;0,758;3,033;0,699;0,207;0;0,000;0,000;0,000;0,000;1,000
111;j3012_1.sm;0;0;47;CPM;0;47;1;40;47;1;40;47;177;30;1,400;0,317;0,207;0,261;0,037;0,800;0,188;4;0,758;3,033;1,000;0,178;0;0,000;0,000;0,000;0,000;1,000
112;j3012_2.sm;0;0;46;CPM;0;46;1;30;46;1;30;46;178;30;1,400;0,320;0,241;0,312;0,010;0,667;0,331;4;0,758;3,033;1,000;0,172;0;0,000;0,000;0,000;0,000;1,000
113;j3012_3.sm;0;0;37;CPM;0;37;1;40;37;1;40;37;148;30;1,400;0,317;0,241;0,312;0,000;0,667;0,266;4;0,758;3,033;1,000;0,152;0;0,000;0,000;0,000;0,000;1,000
114;j3012_4.sm;0;0;63;CPM;0;63;1;50;63;1;50;63;205;30;1,400;0,345;0,241;0,351;0,010;0,722;0,253;4;0,758;3,033;1,000;0,158;0;0,000;0,000;0,000;0,000;1,000
115;j3012_5.sm;0;0;47;CPM;0;47;1;40;47;1;40;47;166;30;1,400;0,274;0,241;0,403;0,019;0,711;0,409;4;0,758;3,033;1,000;0,131;0;0,000;0,000;0,000;0,000;1,000
116;j3012_6.sm;0;0;53;CPM;0;53;1;60;53;1;60;53;159;30;1,400;0,317;0,241;0,273;0,022;0,644;0,292;4;0,758;3,033;1,000;0,210;0;0,000;0,000;0,000;0,000;1,000
117;j3012_7.sm;0;0;55;CPM;0;55;1;60;55;1;60;55;203;30;1,400;0,329;0,241;0,338;0,011;0,689;0,338;4;0,758;3,033;1,000;0,156;0;0,000;0,000;0,000;0,000;1,000
118;j3012_8.sm;0;0;35;CPM;0;35;1;40;35;1;40;35;170;30;1,400;0,278;0,207;0,464;0,038;0,787;0,319;4;0,758;3,033;1,000;0,102;0;0,000;0,000;0,000;0,000;1,000
119;j3012_9.sm;0;0;52;CPM;0;52;1;40;52;1;40;52;187;30;1,400;0,349;0,207;0,261;0,029;0,693;0,159;4;0,758;3,033;1,000;0,182;0;0,000;0,000;0,000;0,000;1,000
120;j3012_10.sm;0;0;57;CPM;0;57;1;80;57;1;80;57;181;30;1,400;0,303;0,241;0,390;0,030;0,656;0,331;4;0,758;3,033;1,000;0,156;0;0,000;0,000;0,000;0,000;1,000
121;j3013_1.sm;0;0;58;1;11200;58;1;11200;58;1;11200;34;151;30;1,400;0,366;0,241;0,442;0,009;0,778;0,234;4;1,000;4,000;0,198;0,301;0;0,000;0,000;0,000;0,000;1,000
122;j3013_2.sm;0;0;62;1;2770;62;1;2770;62;1;2770;32;147;30;1,400;0,294;0,207;0,413;0,041;0,800;0,268;4;1,000;4,000;0,197;0,321;0;0,000;0,000;0,000;0,000;1,000
123;j3013_3.sm;0;0;76;1;490;76;1;490;76;1;490;45;176;30;1,400;0,336;0,241;0,273;0,021;0,744;0,286;4;1,000;4,000;0,199;0,336;0;0,000;0,000;0,000;0,000;1,000
124;j3013_4.sm;0;0;72;1;270;72;1;270;72;1;270;50;150;30;1,400;0,375;0,241;0,273;0,011;0,711;0,201;4;1,000;4,000;0,202;0,345;0;0,000;0,000;0,000;0,000;1,000
125;j3013_5.sm;0;0;67;1;4620;67;1;4620;67;1;4620;43;160;30;1,400;0,310;0,207;0,326;0,036;0,733;0,217;4;1,000;4,000;0,203;0,312;0;0,000;0,000;0,000;0,000;1,000
126;j3013_6.sm;0;0;64;1;1770;64;1;1770;64;1;1770;44;159;30;1,400;0,336;0,207;0,326;0,037;0,733;0,159;4;1,000;4,000;0,203;0,301;0;0,000;0,000;0,000;0,000;1,000
127;j3013_7.sm;0;0;77;1;290;77;1;290;77;1;290;50;159;30;1,400;0,368;0,276;0,304;0,000;0,629;0,333;4;1,000;4,000;0,207;0,349;0;0,000;0,000;0,000;0,000;1,000
128;j3013_8.sm;0;0;106;1;200;106;1;200;106;1;200;48;182;30;1,400;0,361;0,276;0,339;0,012;0,667;0,310;4;1,000;4,000;0,198;0,374;0;0,000;0,000;0,000;0,000;1,000
129;j3013_9.sm;0;0;71;1;920;71;1;920;71;1;920;51;166;30;1,400;0,352;0,276;0,411;0,022;0,676;0,357;4;1,000;4,000;0,205;0,305;0;0,000;0,000;0,000;0,000;1,000
130;j3013_10.sm;0;0;64;1;2750;64;1;2750;64;1;2750;52;137;30;1,400;0,331;0,276;0,518;0,019;0,752;0,369;4;1,000;4,000;0,200;0,311;0;0,000;0,000;0,000;0,000;1,000
131;j3014_1.sm;0;0;50;1;130;50;1;130;50;1;130;43;141;30;1,400;0,432;0,310;0,278;0,029;0,708;0,283;4;1,000;4,000;0,510;0,229;0;0,000;0,000;0,000;0,000;1,000
132;j3014_2.sm;0;0;53;1;100;53;1;100;53;1;100;44;171;30;1,400;0,343;0,241;0,273;0,032;0,744;0,247;4;1,000;4,000;0,510;0,237;0;0,000;0,000;0,000;0,000;1,000
133;j3014_3.sm;0;0;58;CPM;0;58;1;50;58;1;50;58;177;30;1,400;0,352;0,241;0,208;0,026;0,678;0,253;4;1,000;4,000;0,508;0,231;0;0,000;0,000;0,000;0,000;1,000
134;j3014_4.sm;0;0;50;1;780;50;1;780;50;1;780;45;144;30;1,400;0,349;0,241;0,247;0,023;0,611;0,260;4;1,000;4,000;0,516;0,247;0;0,000;0,000;0,000;0,000;1,000
135;j3014_5.sm;0;0;52;1;40;52;1;40;52;1;40;50;143;30;1,400;0,393;0,276;0,464;0,032;0,781;0,280;4;1,000;4,000;0,509;0,216;0;0,000;0,000;0,000;0,000;1,000
136;j3014_6.sm;0;0;35;1;50;35;1;50;35;1;50;34;143;30;1,400;0,308;0,207;0,348;0,067;0,840;0,159;4;1,000;4,000;0,514;0,186;0;0,000;0,000;0,000;0,000;1,000
137;j3014_7.sm;0;0;50;1;190;50;1;190;50;1;190;47;164;30;1,400;0,370;0,276;0,357;0,011;0,724;0,327;4;1,000;4,000;0,509;0,225;0;0,000;0,000;0,000;0,000;1,000
138;j3014_8.sm;0;0;54;CPM;0;54;1;50;54;1;50;54;167;30;1,400;0,352;0,241;0,351;0,063;0,733;0,260;4;1,000;4,000;0,504;0,202;0;0,000;0,000;0,000;0,000;1,000
139;j3014_9.sm;0;0;46;1;220;46;1;220;46;1;220;44;144;30;1,400;0,336;0,241;0,403;0,038;0,733;0,312;4;1,000;4,000;0,520;0,223;0;0,000;0,000;0,000;0,000;1,000
140;j3014_10.sm;0;0;61;1;40;61;1;40;61;1;40;58;178;30;1,400;0,377;0,241;0,260;0,047;0,622;0,221;4;1,000;4,000;0,504;0,206;0;0,000;0,000;0,000;0,000;1,000
141;j3015_1.sm;0;0;46;CPM;0;46;1;40;46;1;40;46;151;30;1,400;0,315;0,241;0,364;0,029;0,733;0,331;4;1,000;4,000;0,712;0,176;0;0,000;0,000;0,000;0,000;1,000
142;j3015_2.sm;0;0;47;CPM;0;47;1;40;47;1;40;47;176;30;1,400;0,331;0,241;0,403;0,039;0,700;0,305;4;1,000;4,000;0,696;0,144;0;0,000;0,000;0,000;0,000;1,000
143;j3015_3.sm;0;0;48;CPM;0;48;1;30;48;1;30;48;137;30;1,400;0,361;0,276;0,464;0,051;0,800;0,363;4;1,000;4,000;0,688;0,212;0;0,000;0,000;0,000;0,000;1,000
144;j3015_4.sm;0;0;48;CPM;0;48;1;40;48;1;40;48;163;30;1,400;0,340;0,207;0,275;0,048;0,760;0,167;4;1,000;4,000;0,703;0,135;0;0,000;0,000;0,000;0,000;1,000
145;j3015_5.sm;0;0;58;1;70;58;1;70;58;1;70;56;195;30;1,400;0,359;0,241;0,208;0,000;0,656;0,227;4;1,000;4,000;0,706;0,223;0;0,000;0,000;0,000;0,000;1,000
146;j3015_6.sm;0;0;67;CPM;0;67;1;50;67;1;50;67;181;30;1,400;0,322;0,276;0,357;0,034;0,724;0,429;4;1,000;4,000;0,702;0,213;0;0,000;0,000;0,000;0,000;1,000
147;j3015_7.sm;0;0;47;CPM;0;47;1;40;47;1;40;47;148;30;1,400;0,366;0,241;0,312;0,031;0,756;0,214;4;1,000;4,000;0,696;0,186;0;0,000;0,000;0,000;0,000;1,000
148;j3015_8.sm;0;0;50;1;280;50;1;280;50;1;280;46;156;30;1,400;0,370;0,241;0,208;0,049;0,711;0,227;4;1,000;4,000;0,702;0,206;0;0,000;0,000;0,000;0,000;1,000
149;j3015_9.sm;0;0;54;CPM;0;54;1;40;54;1;40;54;160;30;1,400;0,340;0,310;0,444;0,012;0,683;0,444;4;1,000;4,000;0,704;0,203;0;0,000;0,000;0,000;0,000;1,000
150;j3015_10.sm;0;0;65;CPM;0;65;1;50;65;1;50;65;174;30;1,400;0,434;0,310;0,278;0,015;0,733;0,283;4;1,000;4,000;0,693;0,188;0;0,000;0,000;0,000;0,000;1,000
151;j3016_1.sm;0;0;51;CPM;0;51;1;40;51;1;40;51;153;30;1,400;0,340;0,276;0,304;0,000;0,648;0,315;4;1,000;4,000;1,000;0,178;0;0,000;0,000;0,000;0,000;1,000
152;j3016_2.sm;0;0;48;CPM;0;48;1;40;48;1;40;48;181;30;1,400;0,333;0,241;0,273;0,032;0,722;0,292;4;1,000;4,000;1,000;0,136;0;0,000;0,000;0,000;0,000;1,000
153;j3016_3.sm;0;0;36;CPM;0;36;1;50;36;1;50;36;162;30;1,400;0,338;0,241;0,169;0,024;0,633;0,201;4;1,000;4,000;1,000;0,110;0;0,000;0,000;0,000;0,000;1,000
154;j3016_4.sm;0;0;47;CPM;0;47;1;40;47;1;40;47;154;30;1,400;0,356;0,241;0,312;0,032;0,722;0,240;4;1,000;4,000;1,000;0,119;0;0,000;0,000;0,000;0,000;1,000
155;j3016_5.sm;0;0;51;CPM;0;51;1;40;51;1;40;51;179;30;1,400;0,347;0,207;0,312;0,043;0,733;0,181;4;1,000;4,000;1,000;0,118;0;0,000;0,000;0,000;0,000;1,000
156;j3016_6.sm;0;0;51;CPM;0;51;1;40;51;1;40;51;153;30;1,400;0,324;0,241;0,403;0,010;0,711;0,318;4;1,000;4,000;1,000;0,125;0;0,000;0,000;0,000;0,000;1,000
157;j3016_7.sm;0;0;34;CPM;0;34;1;40;34;1;40;34;148;30;1,400;0,336;0,207;0,261;0,047;0,787;0,094;4;1,000;4,000;1,000;0,123;0;0,000;0,000;0,000;0,000;1,000
158;j3016_8.sm;0;0;44;CPM;0;44;1;50;44;1;50;44;147;30;1,400;0,294;0,241;0,364;0,029;0,700;0,344;4;1,000;4,000;1,000;0,114;0;0,000;0,000;0,000;0,000;1,000
159;j3016_9.sm;0;0;44;CPM;0;44;1;40;44;1;40;44;140;30;1,400;0,372;0,241;0,403;0,030;0,767;0,260;4;1,000;4,000;1,000;0,143;0;0,000;0,000;0,000;0,000;1,000
160;j3016_10.sm;0;0;51;CPM;0;51;1;30;51;1;30;51;159;30;1,400;0,308;0,241;0,273;0,011;0,700;0,292;4;1,000;4,000;1,000;0,143;0;0,000;0,000;0,000;0,000;1,000
161;j3017_1.sm;0;0;64;1;50;64;1;50;64;1;50;45;181;30;1,733;0,372;0,241;0,364;0,040;0,767;0,312;4;0,250;1,000;0,168;0,607;0;0,000;0,000;0,000;0,000;1,000
162;j3017_2.sm;0;0;68;1;40;68;1;40;68;1;40;59;180;30;1,733;0,480;0,276;0,250;0,057;0,714;0,214;4;0,250;1,000;0,377;0,465;0;0,000;0,000;0,000;0,000;1,000
163;j3017_3.sm;0;0;60;CPM;0;60;1;40;60;1;40;60;166;30;1,733;0,476;0,276;0,304;0,070;0,766;0,220;4;0,250;1,000;0,595;0,512;0;0,000;0,000;0,000;0,000;1,000
164;j3017_4.sm;0;0;49;1;40;49;1;40;49;1;40;42;143;30;1,733;0,487;0,276;0,268;0,064;0,731;0,286;3;0,322;0,967;0,474;0,510;0;0,000;0,000;0,000;0,000;1,000
165;j3017_5.sm;0;0;47;1;50;47;1;50;47;1;50;35;159;30;1,733;0,462;0,241;0,221;0,081;0,747;0,175;4;0,250;1,000;0,175;0,547;0;0,000;0,000;0,000;0,000;1,000
166;j3017_6.sm;0;0;63;CPM;0;63;1;40;63;1;40;63;166;30;1,733;0,490;0,345;0,284;0,057;0,684;0,363;4;0,250;1,000;0,222;0,523;0;0,000;0,000;0,000;0,000;1,000
167;j3017_7.sm;0;0;57;1;40;57;1;40;57;1;40;50;177;30;1,733;0,437;0,241;0,117;0,065;0,720;0,143;4;0,250;1,000;0,387;0,529;0;0,000;0,000;0,000;0,000;1,000
168;j3017_8.sm;0;0;61;1;50;61;1;50;61;1;50;53;162;30;1,733;0,453;0,241;0,273;0,011;0,753;0,162;4;0,250;1,000;0,185;0,500;0;0,000;0,000;0,000;0,000;1,000
169;j3017_9.sm;0;0;48;1;50;48;1;50;48;1;50;44;129;30;1,733;0,457;0,310;0,278;0,029;0,730;0,344;4;0,250;1,000;0,403;0,523;0;0,000;0,000;0,000;0,000;1,000
170;j3017_10.sm;0;0;66;CPM;0;66;1;50;66;1;50;66;196;30;1,733;0,460;0,276;0,464;0,102;0,794;0,274;4;0,250;1,000;0,147;0,547;0;0,000;0,000;0,000;0,000;1,000
171;j3018_1.sm;0;0;53;1;30;53;1;30;53;1;30;47;163;30;1,733;0,453;0,241;0,260;0,054;0,767;0,221;4;0,250;1,000;0,681;0,454;0;0,000;0,000;0,000;0,000;1,000
172;j3018_2.sm;0;0;55;1;50;55;1;50;55;1;50;52;165;30;1,733;0,538;0,310;0,278;0,100;0,750;0,200;4;0,250;1,000;0,500;0,417;0;0,000;0,000;0,000;0,000;1,000
173;j3018_3.sm;0;0;56;1;50;56;1;50;56;1;50;53;167;30;1,733;0,517;0,276;0,232;0,066;0,766;0,196;4;0,250;1,000;0,625;0,377;0;0,000;0,000;0,000;0,000;1,000
174;j3018_4.sm;0;0;70;1;30;70;1;30;70;1;30;67;195;30;1,733;0,503;0,276;0,357;0,072;0,783;0,167;4;0,250;1,000;0,518;0,434;0;0,000;0,000;0,000;0,000;1,000
175;j3018_5.sm;0;0;52;1;50;52;1;50;52;1;50;50;170;30;1,733;0,478;0,276;0,250;0,053;0,731;0,274;4;0,250;1,000;0,660;0,423;0;0,000;0,000;0,000;0,000;1,000
176;j3018_6.sm;0;0;62;1;40;62;1;40;62;1;40;53;180;30;1,733;0,453;0,310;0,444;0,073;0,765;0,356;4;0,250;1,000;0,656;0,407;0;0,000;0,000;0,000;0,000;1,000
177;j3018_7.sm;0;0;48;1;50;48;1;50;48;1;50;46;144;30;1,733;0,529;0,276;0,286;0,113;0,846;0,226;4;0,250;1,000;0,542;0,438;0;0,000;0,000;0,000;0,000;1,000
178;j3018_8.sm;0;0;52;1;40;52;1;40;52;1;40;49;167;30;1,733;0,453;0,207;0,246;0,087;0,792;0,065;4;0,250;1,000;0,625;0,410;0;0,000;0,000;0,000;0,000;1,000
179;j3018_9.sm;0;0;47;1;40;47;1;40;47;1;40;44;156;30;1,733;0,453;0,241;0,312;0,082;0,800;0,227;4;0,250;1,000;0,706;0,508;0;0,000;0,000;0,000;0,000;1,000
180;j3018_10.sm;0;0;49;1;50;49;1;50;49;1;50;41;157;30;1,733;0,418;0,276;0,304;0,068;0,726;0,321;4;0,250;1,000;0,657;0,464;0;0,000;0,000;0,000;0,000;1,000
181;j3019_1.sm;0;0;40;1;50;40;1;50;40;1;50;39;142;30;1,733;0,407;0,241;0,403;0,059;0,780;0,266;4;0,250;1,000;0,732;0,351;0;0,000;0,000;0,000;0,000;1,000
182;j3019_2.sm;0;0;58;CPM;0;58;1;50;58;1;50;58;185;30;1,733;0,432;0,241;0,260;0,048;0,733;0,221;4;0,250;1,000;0,798;0,400;0;0,000;0,000;0,000;0,000;1,000
183;j3019_3.sm;0;0;83;CPM;0;83;1;60;83;1;60;83;210;30;1,733;0,503;0,345;0,326;0,020;0,711;0,347;4;0,250;1,000;0,729;0,458;0;0,000;0,000;0,000;0,000;1,000
184;j3019_4.sm;0;0;39;CPM;0;39;1;40;39;1;40;39;148;30;1,733;0,386;0,207;0,246;0,067;0,752;0,210;4;0,250;1,000;0,633;0,389;0;0,000;0,000;0,000;0,000;1,000
185;j3019_5.sm;0;0;48;1;50;48;1;50;48;1;50;47;163;30;1,733;0,455;0,241;0,403;0,113;0,860;0,234;4;0,250;1,000;0,798;0,408;0;0,000;0,000;0,000;0,000;1,000
186;j3019_6.sm;0;0;49;1;50;49;1;50;49;1;50;44;136;30;1,733;0,478;0,276;0,304;0,083;0,714;0,292;4;0,250;1,000;0,723;0,370;0;0,000;0,000;0,000;0,000;1,000
187;j3019_7.sm;0;0;57;1;60;57;1;60;57;1;60;54;166;30;1,733;0,437;0,241;0,208;0,101;0,713;0,162;4;0,250;1,000;0,742;0,372;0;0,000;0,000;0,000;0,000;1,000
188;j3019_8.sm;0;0;55;CPM;0;55;1;40;55;1;40;55;181;30;1,733;0,428;0,241;0,221;0,033;0,733;0,195;4;0,250;1,000;0,795;0,369;0;0,000;0,000;0,000;0,000;1,000
189;j3019_9.sm;0;0;38;CPM;0;38;1;50;38;1;50;38;154;30;1,733;0,425;0,241;0,273;0,055;0,767;0,247;4;0,250;1,000;0,732;0,348;0;0,000;0,000;0,000;0,000;1,000
190;j3019_10.sm;0;0;47;1;40;47;1;40;47;1;40;44;164;30;1,733;0,416;0,207;0,210;0,069;0,744;0,116;4;0,250;1,000;0,661;0,368;0;0,000;0,000;0,000;0,000;1,000
191;j3020_1.sm;0;0;57;CPM;0;57;1;40;57;1;40;57;182;30;1,733;0,444;0,241;0,325;0,073;0,827;0,286;4;0,250;1,000;1,000;0,401;0;0,000;0,000;0,000;0,000;1,000
192;j3020_2.sm;0;0;70;CPM;0;70;1;60;70;1;60;70;173;30;1,733;0,455;0,310;0,222;0,047;0,625;0,356;4;0,250;1,000;1,000;0,418;0;0,000;0,000;0,000;0,000;1,000
193;j3020_3.sm;0;0;49;CPM;0;49;1;50;49;1;50;49;193;30;1,733;0,395;0,241;0,416;0,069;0,793;0,318;4;0,250;1,000;1,000;0,251;0;0,000;0,000;0,000;0,000;1,000
194;j3020_4.sm;0;0;43;CPM;0;43;1;50;43;1;50;43;166;30;1,733;0,395;0,172;0,250;0,073;0,800;0,083;4;0,250;1,000;1,000;0,350;0;0,000;0,000;0,000;0,000;1,000
195;j3020_5.sm;0;0;61;CPM;0;61;1;40;61;1;40;61;157;30;1,733;0,503;0,310;0,333;0,072;0,675;0,244;4;0,250;1,000;1,000;0,503;0;0,000;0,000;0,000;0,000;1,000
196;j3020_6.sm;0;0;51;CPM;0;51;1;40;51;1;40;51;172;30;1,733;0,446;0,241;0,312;0,116;0,753;0,182;4;0,250;1,000;1,000;0,401;0;0,000;0,000;0,000;0,000;1,000
197;j3020_7.sm;0;0;42;CPM;0;42;1;40;42;1;40;42;152;30;1,733;0,421;0,207;0,246;0,082;0,784;0,080;4;0,250;1,000;1,000;0,329;0;0,000;0,000;0,000;0,000;1,000
198;j3020_8.sm;0;0;51;CPM;0;51;1;40;51;1;40;51;158;30;1,733;0,444;0,310;0,444;0,071;0,760;0,350;4;0,250;1,000;1,000;0,346;0;0,000;0,000;0,000;0,000;1,000
199;j3020_9.sm;0;0;41;CPM;0;41;1;70;41;1;70;41;157;30;1,733;0,453;0,241;0,312;0,074;0,800;0,195;4;0,250;1,000;1,000;0,302;0;0,000;0,000;0,000;0,000;1,000
200;j3020_10.sm;0;0;37;CPM;0;37;1;60;37;1;60;37;137;30;1,733;0,464;0,207;0,174;0,098;0,792;0,065;4;0,250;1,000;1,000;0,325;0;0,000;0,000;0,000;0,000;1,000
201;j3021_1.sm;0;0;84;1;80;84;1;80;84;1;80;60;171;30;1,733;0,561;0,310;0,222;0,055;0,710;0,150;4;0,508;2,033;0,183;0,464;0;0,000;0,000;0,000;0,000;1,000
202;j3021_2.sm;0;0;59;1;70;59;1;70;59;1;70;42;152;30;1,733;0,494;0,241;0,273;0,074;0,820;0,123;4;0,508;2,033;0,204;0,455;0;0,000;0,000;0,000;0,000;1,000
203;j3021_3.sm;0;0;76;1;40;76;1;40;76;1;40;60;146;30;1,733;0,487;0,310;0,333;0,054;0,770;0,294;4;0,508;2,033;0,247;0,433;0;0,000;0,000;0,000;0,000;1,000
204;j3021_4.sm;0;0;70;1;70;70;1;70;70;1;70;52;159;30;1,733;0,531;0,241;0,247;0,083;0,753;0,104;4;0,508;2,033;0,204;0,413;0;0,000;0,000;0,000;0,000;1,000
205;j3021_5.sm;0;0;55;1;50;55;1;50;55;1;50;43;155;30;1,733;0,474;0,241;0,117;0,066;0,760;0,143;4;0,508;2,033;0,191;0,407;0;0,000;0,000;0,000;0,000;1,000
206;j3021_6.sm;0;0;76;1;50;76;1;50;76;1;50;53;174;30;1,733;0,434;0,241;0,260;0,044;0,753;0,182;4;0,508;2,033;0,225;0,450;0;0,000;0,000;0,000;0,000;1,000
207;j3021_7.sm;0;0;65;1;60;65;1;60;65;1;60;53;151;30;1,733;0,471;0,241;0,221;0,024;0,793;0,156;4;0,508;2,033;0,200;0,443;0;0,000;0,000;0,000;0,000;1,000
208;j3021_8.sm;0;0;62;1;60;62;1;60;62;1;60;48;159;30;1,733;0,501;0,241;0,260;0,057;0,787;0,156;4;0,508;2,033;0,199;0,425;0;0,000;0,000;0,000;0,000;1,000
209;j3021_9.sm;0;0;69;1;70;69;1;70;69;1;70;43;149;30;1,733;0,439;0,241;0,221;0,091;0,733;0,221;4;0,508;2,033;0,210;0,449;0;0,000;0,000;0,000;0,000;1,000
210;j3021_10.sm;0;0;69;1;60;69;1;60;69;1;60;54;181;30;1,733;0,453;0,241;0,221;0,058;0,733;0,136;4;0,508;2,033;0,190;0,418;0;0,000;0,000;0,000;0,000;1,000
211;j3022_1.sm;0;0;42;1;50;42;1;50;42;1;50;40;149;30;1,733;0,453;0,276;0,232;0,068;0,731;0,262;4;0,508;2,033;0,513;0,282;0;0,000;0,000;0,000;0,000;1,000
212;j3022_2.sm;0;0;45;1;40;45;1;40;45;1;40;42;146;30;1,733;0,506;0,241;0,260;0,092;0,787;0,162;4;0,508;2,033;0,549;0,287;0;0,000;0,000;0,000;0,000;1,000
213;j3022_3.sm;0;0;63;1;40;63;1;40;63;1;40;61;174;30;1,733;0,444;0,241;0,221;0,092;0,760;0,221;4;0,508;2,033;0,543;0,336;0;0,000;0,000;0,000;0,000;1,000
214;j3022_4.sm;0;0;42;1;50;42;1;50;42;1;50;40;168;30;1,733;0,437;0,241;0,312;0,040;0,780;0,253;4;0,508;2,033;0,515;0,240;0;0,000;0,000;0,000;0,000;1,000
215;j3022_5.sm;0;0;52;1;60;52;1;60;52;1;60;46;155;30;1,733;0,393;0,207;0,246;0,082;0,760;0,203;4;0,508;2,033;0,515;0,328;0;0,000;0,000;0,000;0,000;1,000
216;j3022_6.sm;0;0;52;1;90;52;1;90;52;1;90;45;164;30;1,733;0,434;0,241;0,312;0,022;0,733;0,208;4;0,508;2,033;0,508;0,295;0;0,000;0,000;0,000;0,000;1,000
217;j3022_7.sm;0;0;60;1;50;60;1;50;60;1;50;55;185;30;1,733;0,483;0,310;0,222;0,076;0,725;0,283;4;0,508;2,033;0,505;0,324;0;0,000;0,000;0,000;0,000;1,000
218;j3022_8.sm;0;0;55;1;80;55;1;80;55;1;80;50;159;30;1,733;0,432;0,241;0,299;0,067;0,733;0,162;4;0,508;2,033;0,506;0,340;0;0,000;0,000;0,000;0,000;1,000
219;j3022_9.sm;0;0;76;1;50;76;1;50;76;1;50;72;177;30;1,733;0,513;0,310;0,333;0,028;0,735;0,261;4;0,508;2,033;0,532;0,314;0;0,000;0,000;0,000;0,000;1,000
220;j3022_10.sm;0;0;55;1;70;55;1;70;55;1;70;52;194;30;1,733;0,411;0,241;0,416;0,039;0,800;0,266;4;0,508;2,033;0,506;0,283;0;0,000;0,000;0,000;0,000;1,000
221;j3023_1.sm;0;0;63;CPM;0;63;1;50;63;1;50;63;175;30;1,733;0,460;0,241;0,260;0,034;0,740;0,208;4;0,508;2,033;0,700;0,280;0;0,000;0,000;0,000;0,000;1,000
222;j3023_2.sm;0;0;53;CPM;0;53;1;40;53;1;40;53;151;30;1,733;0,455;0,241;0,273;0,048;0,713;0,201;4;0,508;2,033;0,719;0,283;0;0,000;0,000;0,000;0,000;1,000
223;j3023_3.sm;0;0;46;CPM;0;46;1;60;46;1;60;46;146;30;1,733;0,453;0,241;0,312;0,064;0,767;0,214;4;0,508;2,033;0,717;0,273;0;0,000;0,000;0,000;0,000;1,000
224;j3023_4.sm;0;0;65;1;60;65;1;60;65;1;60;63;171;30;1,733;0,543;0,310;0,167;0,078;0,755;0,233;4;0,508;2,033;0,703;0,326;0;0,000;0,000;0,000;0,000;1,000
225;j3023_5.sm;0;0;52;1;60;52;1;60;52;1;60;48;147;30;1,733;0,462;0,276;0,518;0,067;0,834;0,226;4;0,508;2,033;0,696;0,257;0;0,000;0,000;0,000;0,000;1,000
226;j3023_6.sm;0;0;48;1;60;48;1;60;48;1;60;47;159;30;1,733;0,444;0,310;0,500;0,034;0,725;0,394;4;0,508;2,033;0,689;0,249;0;0,000;0,000;0,000;0,000;1,000
227;j3023_7.sm;0;0;60;1;70;60;1;70;60;1;70;58;160;30;1,733;0,492;0,345;0,384;0,031;0,689;0,316;4;0,508;2,033;0,650;0,340;0;0,000;0,000;0,000;0,000;1,000
228;j3023_8.sm;0;0;48;CPM;0;48;1;70;48;1;70;48;172;30;1,733;0,407;0,276;0,411;0,047;0,743;0,387;4;0,508;2,033;0,692;0,288;0;0,000;0,000;0,000;0,000;1,000
229;j3023_9.sm;0;0;63;1;70;63;1;70;63;1;70;58;182;30;1,733;0,460;0,310;0,444;0,058;0,730;0,339;4;0,508;2,033;0,712;0,309;0;0,000;0,000;0,000;0,000;1,000
230;j3023_10.sm;0;0;61;CPM;0;61;1;60;61;1;60;61;169;30;1,733;0,494;0,276;0,250;0,080;0,800;0,250;4;0,508;2,033;0,706;0,270;0;0,000;0,000;0,000;0,000;1,000
231;j3024_1.sm;0;0;53;CPM;0;53;1;50;53;1;50;53;159;30;1,733;0,455;0,310;0,333;0,086;0,740;0,350;4;0,508;2,033;1,000;0,211;0;0,000;0,000;0,000;0,000;1,000
232;j3024_2.sm;0;0;58;CPM;0;58;1;50;58;1;50;58;145;30;1,733;0,464;0,276;0,393;0,012;0,766;0,232;4;0,508;2,033;1,000;0,232;0;0,000;0,000;0,000;0,000;1,000
233;j3024_3.sm;0;0;69;CPM;0;69;1;40;69;1;40;69;210;30;1,733;0,497;0,241;0,221;0,094;0,800;0,149;4;0,508;2,033;1,000;0,253;0;0,000;0,000;0,000;0,000;1,000
234;j3024_4.sm;0;0;53;CPM;0;53;1;50;53;1;50;53;164;30;1,733;0,432;0,241;0,351;0,080;0,787;0,214;4;0,508;2,033;1,000;0,208;0;0,000;0,000;0,000;0,000;1,000
235;j3024_5.sm;0;0;51;CPM;0;51;1;80;51;1;80;51;165;30;1,733;0,425;0,241;0,221;0,022;0,687;0,162;4;0,508;2,033;1,000;0,272;0;0,000;0,000;0,000;0,000;1,000
236;j3024_6.sm;0;0;56;CPM;0;56;1;50;56;1;50;56;181;30;1,733;0,428;0,241;0,364;0,077;0,800;0,253;4;0,508;2,033;1,000;0,233;0;0,000;0,000;0,000;0,000;1,000
237;j3024_7.sm;0;0;44;CPM;0;44;1;70;44;1;70;44;152;30;1,733;0,490;0,310;0,333;0,043;0,695;0,317;4;0,508;2,033;1,000;0,257;0;0,000;0,000;0,000;0,000;1,000
238;j3024_8.sm;0;0;38;CPM;0;38;1;70;38;1;70;38;158;30;1,733;0,391;0,207;0,261;0,051;0,712;0,174;4;0,508;2,033;1,000;0,183;0;0,000;0,000;0,000;0,000;1,000
239;j3024_9.sm;0;0;43;CPM;0;43;1;60;43;1;60;43;174;30;1,733;0,432;0,207;0,261;0,078;0,776;0,043;4;0,508;2,033;1,000;0,215;0;0,000;0,000;0,000;0,000;1,000
240;j3024_10.sm;0;0;53;CPM;0;53;1;50;53;1;50;53;158;30;1,733;0,439;0,241;0,221;0,046;0,767;0,208;4;0,508;2,033;1,000;0,230;0;0,000;0,000;0,000;0,000;1,000
241;j3025_1.sm;0;0;93;1;410;93;1;410;93;1;410;63;175;30;1,733;0,444;0,310;0,389;0,012;0,685;0,306;4;0,758;3,033;0,197;0,413;0;0,000;0,000;0,000;0,000;1,000
242;j3025_2.sm;0;0;75;1;60;75;1;60;75;1;60;43;146;30;1,733;0,506;0,276;0,196;0,030;0,703;0,173;4;0,758;3,033;0,192;0,442;0;0,000;0,000;0,000;0,000;1,000
243;j3025_3.sm;0;0;76;1;280;76;1;280;76;1;280;44;170;30;1,733;0,411;0,241;0,351;0,096;0,773;0,266;4;0,758;3,033;0,201;0,365;0;0,000;0,000;0,000;0,000;1,000
244;j3025_4.sm;0;0;81;1;160;81;1;160;81;1;160;48;149;30;1,733;0,423;0,241;0,169;0,072;0,733;0,188;4;0,758;3,033;0,197;0,427;0;0,000;0,000;0,000;0,000;1,000
245;j3025_5.sm;0;0;72;1;170;72;1;170;72;1;170;45;149;30;1,733;0,439;0,241;0,260;0,037;0,767;0,240;4;0,758;3,033;0,202;0,383;0;0,000;0,000;0,000;0,000;1,000
246;j3025_6.sm;0;0;58;1;110;58;1;110;58;1;110;41;156;30;1,733;0,428;0,241;0,312;0,053;0,733;0,240;4;0,758;3,033;0,212;0,349;0;0,000;0,000;0,000;0,000;1,000
247;j3025_7.sm;0;0;95;1;180;95;1;180;95;1;180;59;185;30;1,733;0,497;0,241;0,169;0,071;0,773;0,078;4;0,758;3,033;0,197;0,390;0;0,000;0,000;0,000;0,000;1,000
248;j3025_8.sm;0;0;69;1;200;69;1;200;69;1;200;38;162;30;1,733;0,398;0,207;0,261;0,072;0,728;0,159;4;0,758;3,033;0,203;0,369;0;0,000;0,000;0,000;0,000;1,000
249;j3025_9.sm;0;0;84;1;50;84;1;50;84;1;50;50;173;30;1,733;0,501;0,241;0,156;0,064;0,767;0,097;4;0,758;3,033;0,196;0,368;0;0,000;0,000;0,000;0,000;1,000
250;j3025_10.sm;0;0;58;1;170;58;1;170;58;1;170;47;137;30;1,733;0,490;0,276;0,250;0,095;0,749;0,214;4;0,758;3,033;0,201;0,353;0;0,000;0,000;0,000;0,000;1,000
251;j3026_1.sm;0;0;59;CPM;0;59;1;50;59;1;50;59;147;30;1,733;0,510;0,310;0,222;0,037;0,710;0,272;4;0,758;3,033;0,522;0,322;0;0,000;0,000;0,000;0,000;1,000
252;j3026_2.sm;0;0;40;CPM;0;40;1;50;40;1;50;40;148;30;1,733;0,423;0,276;0,357;0,023;0,691;0,345;4;0,758;3,033;0,509;0,187;0;0,000;0,000;0,000;0,000;1,000
253;j3026_3.sm;0;0;58;CPM;0;58;1;40;58;1;40;58;158;30;1,733;0,476;0,310;0,278;0,032;0,695;0,267;4;0,758;3,033;0,513;0,290;0;0,000;0,000;0,000;0,000;1,000
254;j3026_4.sm;0;0;62;CPM;0;62;1;50;62;1;50;62;196;30;1,733;0,418;0,276;0,429;0,092;0,800;0,310;4;0,758;3,033;0,514;0,258;0;0,000;0,000;0,000;0,000;1,000
255;j3026_5.sm;0;0;74;1;40;74;1;40;74;1;40;64;174;30;1,733;0,474;0,276;0,268;0,080;0,731;0,244;4;0,758;3,033;0,514;0,297;0;0,000;0,000;0,000;0,000;1,000
256;j3026_6.sm;0;0;53;1;50;53;1;50;53;1;50;49;147;30;1,733;0,501;0,310;0,278;0,059;0,755;0,294;4;0,758;3,033;0,521;0,269;0;0,000;0,000;0,000;0,000;1,000
257;j3026_7.sm;0;0;56;CPM;0;56;1;40;56;1;40;56;162;30;1,733;0,485;0,276;0,375;0,092;0,829;0,220;4;0,758;3,033;0,514;0,252;0;0,000;0,000;0,000;0,000;1,000
258;j3026_8.sm;0;0;66;1;30;66;1;30;66;1;30;63;162;30;1,733;0,451;0,276;0,357;0,037;0,743;0,256;4;0,758;3,033;0,523;0,266;0;0,000;0,000;0,000;0,000;1,000
259;j3026_9.sm;0;0;43;1;60;43;1;60;43;1;60;41;132;30;1,733;0,418;0,241;0,312;0,033;0,727;0,221;4;0,758;3,033;0,513;0,271;0;0,000;0,000;0,000;0,000;1,000
260;j3026_10.sm;0;0;49;1;40;49;1;40;49;1;40;47;165;30;1,733;0,446;0,241;0,312;0,064;0,767;0,214;4;0,758;3,033;0,506;0,233;0;0,000;0,000;0,000;0,000;1,000
261;j3027_1.sm;0;0;43;CPM;0;43;1;50;43;1;50;43;146;30;1,733;0,441;0,241;0,260;0,093;0,807;0,182;4;0,758;3,033;0,690;0,242;0;0,000;0,000;0,000;0,000;1,000
262;j3027_2.sm;0;0;58;CPM;0;58;1;40;58;1;40;58;183;30;1,733;0,434;0,276;0,375;0,057;0,800;0,327;4;0,758;3,033;0,703;0,204;0;0,000;0,000;0,000;0,000;1,000
263;j3027_3.sm;0;0;60;CPM;0;60;1;50;60;1;50;60;160;30;1,733;0,474;0,310;0,444;0,037;0,725;0,306;4;0,758;3,033;0,698;0,202;0;0,000;0,000;0,000;0,000;1,000
264;j3027_4.sm;0;0;64;CPM;0;64;1;40;64;1;40;64;151;30;1,733;0,533;0,379;0,303;0,122;0,716;0,338;4;0,758;3,033;0,709;0,266;0;0,000;0,000;0,000;0,000;1,000
265;j3027_5.sm;0;0;49;CPM;0;49;1;50;49;1;50;49;167;30;1,733;0,457;0,207;0,210;0,077;0,712;0,109;4;0,758;3,033;0,701;0,213;0;0,000;0,000;0,000;0,000;1,000
266;j3027_6.sm;0;0;59;CPM;0;59;1;40;59;1;40;59;177;30;1,733;0,501;0,310;0,278;0,048;0,740;0,278;4;0,758;3,033;0,703;0,222;0;0,000;0,000;0,000;0,000;1,000
267;j3027_7.sm;0;0;49;1;40;49;1;40;49;1;40;46;179;30;1,733;0,448;0,276;0,393;0,044;0,811;0,274;4;0,758;3,033;0,703;0,216;0;0,000;0,000;0,000;0,000;1,000
268;j3027_8.sm;0;0;66;CPM;0;66;1;40;66;1;40;66;169;30;1,733;0,485;0,276;0,250;0,077;0,720;0,244;4;0,758;3,033;0,699;0,268;0;0,000;0,000;0,000;0,000;1,000
269;j3027_9.sm;0;0;55;CPM;0;55;1;50;55;1;50;55;169;30;1,733;0,453;0,310;0,167;0,033;0,660;0,339;4;0,758;3,033;0,714;0,249;0;0,000;0,000;0,000;0,000;1,000
270;j3027_10.sm;0;0;62;CPM;0;62;1;40;62;1;40;62;173;30;1,733;0,464;0,310;0,444;0,066;0,695;0,394;4;0,758;3,033;0,706;0,183;0;0,000;0,000;0,000;0,000;1,000
271;j3028_1.sm;0;0;69;CPM;0;69;1;50;69;1;50;69;166;30;1,733;0,478;0,276;0,179;0,056;0,726;0,274;4;0,758;3,033;1,000;0,222;0;0,000;0,000;0,000;0,000;1,000
272;j3028_2.sm;0;0;57;CPM;0;57;1;50;57;1;50;57;173;30;1,733;0,464;0,276;0,304;0,026;0,771;0,244;4;0,758;3,033;1,000;0,180;0;0,000;0,000;0,000;0,000;1,000
273;j3028_3.sm;0;0;40;CPM;0;40;1;40;40;1;40;40;135;30;1,733;0,421;0,276;0,464;0,064;0,760;0,286;4;0,758;3,033;1,000;0,206;0;0,000;0,000;0,000;0,000;1,000
274;j3028_4.sm;0;0;49;CPM;0;49;1;40;49;1;40;49;166;30;1,733;0,453;0,276;0,268;0,015;0,680;0,280;4;0,758;3,033;1,000;0,174;0;0,000;0,000;0,000;0,000;1,000
275;j3028_5.sm;0;0;73;CPM;0;73;1;50;73;1;50;73;185;30;1,733;0,506;0,345;0,384;0,017;0,711;0,358;4;0,758;3,033;1,000;0,196;0;0,000;0,000;0,000;0,000;1,000
276;j3028_6.sm;0;0;55;CPM;0;55;1;50;55;1;50;55;161;30;1,733;0,524;0,310;0,167;0,081;0,780;0,222;4;0,758;3,033;1,000;0,211;0;0,000;0,000;0,000;0,000;1,000
277;j3028_7.sm;0;0;48;CPM;0;48;1;40;48;1;40;48;169;30;1,733;0,453;0,241;0,273;0,068;0,780;0,195;4;0,758;3,033;1,000;0,167;0;0,000;0,000;0,000;0,000;1,000
278;j3028_8.sm;0;0;53;CPM;0;53;1;50;53;1;50;53;171;30;1,733;0,439;0,241;0,260;0,034;0,740;0,195;4;0,758;3,033;1,000;0,176;0;0,000;0,000;0,000;0,000;1,000
279;j3028_9.sm;0;0;62;CPM;0;62;1;50;62;1;50;62;191;30;1,733;0,526;0,241;0,221;0,106;0,800;0,162;4;0,758;3,033;1,000;0,213;0;0,000;0,000;0,000;0,000;1,000
280;j3028_10.sm;0;0;59;CPM;0;59;1;50;59;1;50;59;176;30;1,733;0,474;0,276;0,304;0,041;0,737;0,274;4;0,758;3,033;1,000;0,179;0;0,000;0,000;0,000;0,000;1,000
281;j3029_1.sm;0;0;85;1;1090;85;1;1090;85;1;1090;62;177;30;1,733;0,432;0,310;0,444;0,036;0,740;0,356;4;1,000;4,000;0,208;0,357;0;0,000;0,000;0,000;0,000;1,000
282;j3029_2.sm;0;0;90;1;530;90;1;530;90;1;530;55;180;30;1,733;0,421;0,276;0,411;0,042;0,777;0,298;4;1,000;4,000;0,203;0,335;0;0,000;0,000;0,000;0,000;1,000
283;j3029_3.sm;0;0;78;1;300;78;1;300;78;1;300;45;158;30;1,733;0,451;0,276;0,268;0,068;0,680;0,256;4;1,000;4,000;0,201;0,355;0;0,000;0,000;0,000;0,000;1,000
284;j3029_4.sm;0;0;103;1;280;103;1;280;103;1;280;54;180;30;1,733;0,460;0,276;0,214;0,056;0,731;0,244;4;1,000;4,000;0,189;0,381;0;0,000;0,000;0,000;0,000;1,000
285;j3029_5.sm;0;0;98;1;190;98;1;190;98;1;190;53;188;30;1,733;0,444;0,241;0,208;0,049;0,713;0,182;4;1,000;4,000;0,203;0,375;0;0,000;0,000;0,000;0,000;1,000
286;j3029_6.sm;0;0;92;1;510;92;1;510;92;1;510;43;188;30;1,733;0,451;0,241;0,273;0,088;0,807;0,208;4;1,000;4,000;0,207;0,335;0;0,000;0,000;0,000;0,000;1,000
287;j3029_7.sm;0;0;73;1;290;73;1;290;73;1;290;41;158;30;1,733;0,467;0,241;0,221;0,070;0,800;0,195;4;1,000;4,000;0,206;0,322;0;0,000;0,000;0,000;0,000;1,000
288;j3029_8.sm;0;0;80;1;1250;80;1;1250;80;1;1250;50;190;30;1,733;0,418;0,241;0,506;0,068;0,820;0,234;4;1,000;4,000;0,204;0,317;0;0,000;0,000;0,000;0,000;1,000
289;j3029_9.sm;0;0;97;1;410;97;1;410;97;1;410;52;188;30;1,733;0,441;0,276;0,250;0,014;0,686;0,274;4;1,000;4,000;0,190;0,371;0;0,000;0,000;0,000;0,000;1,000
290;j3029_10.sm;0;0;76;1;60;76;1;60;76;1;60;51;134;30;1,733;0,526;0,310;0,222;0,102;0,770;0,194;4;1,000;4,000;0,211;0,365;0;0,000;0,000;0,000;0,000;1,000
291;j3030_1.sm;0;0;47;1;90;47;1;90;47;1;90;40;143;30;1,733;0,421;0,241;0,312;0,042;0,740;0,260;4;1,000;4,000;0,509;0,235;0;0,000;0,000;0,000;0,000;1,000
292;j3030_2.sm;0;0;68;1;70;68;1;70;68;1;70;65;187;30;1,733;0,471;0,276;0,304;0,071;0,720;0,262;4;1,000;4,000;0,511;0,244;0;0,000;0,000;0,000;0,000;1,000
293;j3030_3.sm;0;0;55;1;50;55;1;50;55;1;50;53;165;30;1,733;0,478;0,310;0,389;0,067;0,720;0,356;4;1,000;4,000;0,517;0,235;0;0,000;0,000;0,000;0,000;1,000
294;j3030_4.sm;0;0;53;1;50;53;1;50;53;1;50;50;165;30;1,733;0,492;0,276;0,143;0,032;0,646;0,226;4;1,000;4,000;0,513;0,231;0;0,000;0,000;0,000;0,000;1,000
295;j3030_5.sm;0;0;54;1;50;54;1;50;54;1;50;52;171;30;1,733;0,478;0,310;0,222;0,053;0,645;0,344;4;1,000;4,000;0,508;0,233;0;0,000;0,000;0,000;0,000;1,000
296;j3030_6.sm;0;0;62;1;40;62;1;40;62;1;40;54;170;30;1,733;0,455;0,207;0,145;0,084;0,768;0,022;4;1,000;4,000;0,515;0,254;0;0,000;0,000;0,000;0,000;1,000
297;j3030_7.sm;0;0;68;1;50;68;1;50;68;1;50;63;204;30;1,733;0,508;0,276;0,250;0,083;0,817;0,226;4;1,000;4,000;0,521;0,245;0;0,000;0,000;0,000;0,000;1,000
298;j3030_8.sm;0;0;46;1;50;46;1;50;46;1;50;40;147;30;1,733;0,416;0,207;0,210;0,061;0,736;0,058;4;1,000;4,000;0,509;0,215;0;0,000;0,000;0,000;0,000;1,000
299;j3030_9.sm;0;0;46;1;60;46;1;60;46;1;60;44;178;30;1,733;0,400;0,207;0,312;0,070;0,768;0,167;4;1,000;4,000;0,507;0,192;0;0,000;0,000;0,000;0,000;1,000
300;j3030_10.sm;0;0;53;1;80;53;1;80;53;1;80;43;164;30;1,733;0,451;0,207;0,210;0,069;0,760;0,080;4;1,000;4,000;0,508;0,228;0;0,000;0,000;0,000;0,000;1,000
301;j3031_1.sm;0;0;43;CPM;0;43;1;60;43;1;60;43;145;30;1,733;0,398;0,241;0,364;0,067;0,780;0,266;4;1,000;4,000;0,700;0,180;0;0,000;0,000;0,000;0,000;1,000
302;j3031_2.sm;0;0;63;CPM;0;63;1;50;63;1;50;63;163;30;1,733;0,402;0,276;0,464;0,071;0,771;0,333;4;1,000;4,000;0,700;0,172;0;0,000;0,000;0,000;0,000;1,000
303;j3031_3.sm;0;0;58;CPM;0;58;1;50;58;1;50;58;190;30;1,733;0,441;0,241;0,260;0,057;0,693;0,182;4;1,000;4,000;0,700;0,167;0;0,000;0,000;0,000;0,000;1,000
304;j3031_4.sm;0;0;50;CPM;0;50;1;80;50;1;80;50;143;30;1,733;0,423;0,241;0,260;0,043;0,773;0,240;4;1,000;4,000;0,708;0,179;0;0,000;0,000;0,000;0,000;1,000
305;j3031_5.sm;0;0;52;1;70;52;1;70;52;1;70;48;155;30;1,733;0,485;0,276;0,232;0,053;0,731;0,196;4;1,000;4,000;0,703;0,212;0;0,000;0,000;0,000;0,000;1,000
306;j3031_6.sm;0;0;53;CPM;0;53;1;50;53;1;50;53;146;30;1,733;0,409;0,241;0,260;0,043;0,733;0,240;4;1,000;4,000;0,704;0,185;0;0,000;0,000;0,000;0,000;1,000
307;j3031_7.sm;0;0;61;CPM;0;61;1;80;61;1;80;61;189;30;1,733;0,474;0,276;0,196;0,000;0,651;0,226;4;1,000;4,000;0,704;0,217;0;0,000;0,000;0,000;0,000;1,000
308;j3031_8.sm;0;0;58;CPM;0;58;1;30;58;1;30;58;166;30;1,733;0,462;0,276;0,196;0,097;0,777;0,220;4;1,000;4,000;0,706;0,203;0;0,000;0,000;0,000;0,000;1,000
309;j3031_9.sm;0;0;50;1;60;50;1;60;50;1;60;46;152;30;1,733;0,457;0,276;0,268;0,000;0,709;0,250;4;1,000;4,000;0,701;0,218;0;0,000;0,000;0,000;0,000;1,000
310;j3031_10.sm;0;0;55;1;80;55;1;80;55;1;80;49;173;30;1,733;0,480;0,276;0,268;0,078;0,703;0,274;4;1,000;4,000;0,695;0,222;0;0,000;0,000;0,000;0,000;1,000
311;j3032_1.sm;0;0;61;CPM;0;61;1;50;61;1;50;61;182;30;1,733;0,524;0,276;0,268;0,103;0,829;0,214;4;1,000;4,000;1,000;0,152;0;0,000;0,000;0,000;0,000;1,000
312;j3032_2.sm;0;0;60;CPM;0;60;1;30;60;1;30;60;187;30;1,733;0,446;0,207;0,246;0,078;0,816;0,065;4;1,000;4,000;1,000;0,169;0;0,000;0,000;0,000;0,000;1,000
313;j3032_3.sm;0;0;57;CPM;0;57;1;40;57;1;40;57;197;30;1,733;0,444;0,276;0,232;0,054;0,669;0,274;4;1,000;4,000;1,000;0,150;0;0,000;0,000;0,000;0,000;1,000
314;j3032_4.sm;0;0;68;CPM;0;68;1;80;68;1;80;68;191;30;1,733;0,455;0,310;0,111;0,070;0,740;0,306;4;1,000;4,000;1,000;0,184;0;0,000;0,000;0,000;0,000;1,000
315;j3032_5.sm;0;0;54;CPM;0;54;1;70;54;1;70;54;174;30;1,733;0,444;0,241;0,260;0,110;0,787;0,162;4;1,000;4,000;1,000;0,169;0;0,000;0,000;0,000;0,000;1,000
316;j3032_6.sm;0;0;44;CPM;0;44;1;60;44;1;60;44;134;30;1,733;0,471;0,276;0,143;0,088;0,743;0,196;4;1,000;4,000;1,000;0,165;0;0,000;0,000;0,000;0,000;1,000
317;j3032_7.sm;0;0;35;CPM;0;35;1;40;35;1;40;35;144;30;1,733;0,474;0,276;0,393;0,078;0,783;0,238;4;1,000;4,000;1,000;0,122;0;0,000;0,000;0,000;0,000;1,000
318;j3032_8.sm;0;0;54;CPM;0;54;1;50;54;1;50;54;169;30;1,733;0,430;0,241;0,208;0,023;0,700;0,188;4;1,000;4,000;1,000;0,150;0;0,000;0,000;0,000;0,000;1,000
319;j3032_9.sm;0;0;65;CPM;0;65;1;50;65;1;50;65;177;30;1,733;0,515;0,310;0,333;0,095;0,775;0,322;4;1,000;4,000;1,000;0,152;0;0,000;0,000;0,000;0,000;1,000
320;j3032_10.sm;0;0;51;CPM;0;51;1;50;51;1;50;51;178;30;1,733;0,446;0,241;0,351;0,071;0,793;0,195;4;1,000;4,000;1,000;0,139;0;0,000;0,000;0,000;0,000;1,000
321;j3033_1.sm;0;0;65;1;50;65;1;50;65;1;50;62;193;30;2,067;0,591;0,276;0,286;0,188;0,788;0,167;4;0,250;1,000;0,343;0,530;0;0,000;0,000;0,000;0,000;1,000
322;j3033_2.sm;0;0;60;1;90;60;1;90;60;1;90;53;173;30;2,067;0,575;0,241;0,130;0,114;0,752;0,104;4;0,250;1,000;0,144;0,489;0;0,000;0,000;0,000;0,000;1,000
323;j3033_3.sm;0;0;55;1;70;55;1;70;55;1;70;42;169;30;2,067;0,575;0,276;0,304;0,092;0,808;0,190;4;0,250;1,000;0,210;0,463;0;0,000;0,000;0,000;0,000;1,000
324;j3033_4.sm;0;0;77;1;40;77;1;40;77;1;40;76;184;30;2,067;0,554;0,276;0,214;0,110;0,780;0,190;4;0,250;1,000;0,190;0,555;0;0,000;0,000;0,000;0,000;1,000
325;j3033_5.sm;0;0;53;1;60;53;1;60;53;1;60;43;149;30;2,067;0,536;0,207;0,159;0,074;0,794;0,029;4;0,250;1,000;0,419;0,513;0;0,000;0,000;0,000;0,000;1,000
326;j3033_6.sm;0;0;59;1;50;59;1;50;59;1;50;52;156;30;2,067;0,575;0,276;0,196;0,137;0,808;0,190;4;0,250;1,000;0,189;0,493;0;0,000;0,000;0,000;0,000;1,000
327;j3033_7.sm;0;0;58;CPM;0;58;1;40;58;1;40;58;156;30;2,067;0,547;0,241;0,208;0,067;0,743;0,104;4;0,250;1,000;0,354;0,505;0;0,000;0,000;0,000;0,000;1,000
328;j3033_8.sm;0;0;61;1;60;61;1;60;61;1;60;47;156;30;2,067;0,586;0,310;0,278;0,072;0,796;0,233;4;0,250;1,000;0,167;0,518;0;0,000;0,000;0,000;0,000;1,000
329;j3033_9.sm;0;0;65;1;60;65;1;60;65;1;60;55;185;30;2,067;0,552;0,241;0,312;0,126;0,819;0,143;4;0,250;1,000;0,172;0,550;0;0,000;0,000;0,000;0,000;1,000
330;j3033_10.sm;0;0;53;1;50;53;1;50;53;1;50;48;169;30;2,067;0,559;0,241;0,299;0,108;0,833;0,156;4;0,250;1,000;0,608;0,509;0;0,000;0,000;0,000;0,000;1,000
331;j3034_1.sm;0;0;68;1;80;68;1;80;68;1;80;63;185;30;2,067;0,538;0,241;0,169;0,120;0,781;0,136;4;0,250;1,000;0,532;0,476;0;0,000;0,000;0,000;0,000;1,000
332;j3034_2.sm;0;0;44;1;70;44;1;70;44;1;70;42;143;30;2,067;0,614;0,276;0,214;0,097;0,776;0,137;4;0,250;1,000;0,664;0,464;0;0,000;0,000;0,000;0,000;1,000
333;j3034_3.sm;0;0;69;1;60;69;1;60;69;1;60;64;162;30;2,067;0,609;0,276;0,143;0,191;0,812;0,185;4;0,250;1,000;0,875;0,525;0;0,000;0,000;0,000;0,000;1,000
334;j3034_4.sm;0;0;67;CPM;0;67;1;60;67;1;60;67;176;30;2,067;0,625;0,310;0,167;0,085;0,768;0,206;4;0,250;1,000;0,643;0,449;0;0,000;0,000;0,000;0,000;1,000
335;j3034_5.sm;0;0;63;1;50;63;1;50;63;1;50;59;171;30;2,067;0,543;0,276;0,196;0,100;0,739;0,232;4;0,250;1,000;0,643;0,439;0;0,000;0,000;0,000;0,000;1,000
336;j3034_6.sm;0;0;52;1;50;52;1;50;52;1;50;51;163;30;2,067;0,561;0,241;0,130;0,111;0,771;0,117;4;0,250;1,000;0,556;0,439;0;0,000;0,000;0,000;0,000;1,000
337;j3034_7.sm;0;0;58;1;70;58;1;70;58;1;70;54;166;30;2,067;0,566;0,241;0,260;0,179;0,819;0,156;4;0,250;1,000;0,653;0,408;0;0,000;0,000;0,000;0,000;1,000
338;j3034_8.sm;0;0;58;1;60;58;1;60;58;1;60;50;156;30;2,067;0,543;0,276;0,232;0,091;0,800;0,232;4;0,250;1,000;0,664;0,392;0;0,000;0,000;0,000;0,000;1,000
339;j3034_9.sm;0;0;60;CPM;0;60;1;60;60;1;60;60;158;30;2,067;0,577;0,276;0,196;0,169;0,796;0,173;4;0,250;1,000;0,667;0,476;0;0,000;0,000;0,000;0,000;1,000
340;j3034_10.sm;0;0;47;CPM;0;47;1;60;47;1;60;47;164;30;2,067;0,540;0,241;0,208;0,082;0,790;0,143;4;0,250;1,000;0,661;0,396;0;0,000;0,000;0,000;0,000;1,000
341;j3035_1.sm;0;0;57;CPM;0;57;1;80;57;1;80;57;179;30;2,067;0,552;0,241;0,312;0,121;0,824;0,162;4;0,250;1,000;0,784;0,375;0;0,000;0,000;0,000;0,000;1,000
342;j3035_2.sm;0;0;53;CPM;0;53;1;40;53;1;40;53;170;30;2,067;0,533;0,207;0,210;0,118;0,783;0,051;4;0,250;1,000;0,754;0,396;0;0,000;0,000;0,000;0,000;1,000
343;j3035_3.sm;0;0;60;CPM;0;60;1;90;60;1;90;60;149;30;2,067;0,572;0,276;0,250;0,104;0,780;0,185;4;0,250;1,000;0,816;0,411;0;0,000;0,000;0,000;0,000;1,000
344;j3035_4.sm;0;0;50;1;70;50;1;70;50;1;70;48;158;30;2,067;0,538;0,207;0,210;0,152;0,823;0,036;4;0,250;1,000;0,662;0,396;0;0,000;0,000;0,000;0,000;1,000
345;j3035_5.sm;0;0;60;CPM;0;60;1;50;60;1;50;60;159;30;2,067;0,582;0,276;0,304;0,090;0,784;0,214;4;0,250;1,000;0,682;0,347;0;0,000;0,000;0,000;0,000;1,000
346;j3035_6.sm;0;0;58;1;50;58;1;50;58;1;50;56;166;30;2,067;0,611;0,310;0,167;0,088;0,736;0,244;4;0,250;1,000;0,762;0,481;0;0,000;0,000;0,000;0,000;1,000
347;j3035_7.sm;0;0;61;1;80;61;1;80;61;1;80;59;158;30;2,067;0,623;0,276;0,196;0,114;0,800;0,167;4;0,250;1,000;0,729;0,405;0;0,000;0,000;0,000;0,000;1,000
348;j3035_8.sm;0;0;63;CPM;0;63;1;60;63;1;60;63;174;30;2,067;0,549;0,241;0,221;0,125;0,819;0,195;4;0,250;1,000;0,647;0,373;0;0,000;0,000;0,000;0,000;1,000
349;j3035_9.sm;0;0;59;1;60;59;1;60;59;1;60;58;180;30;2,067;0,621;0,310;0,167;0,098;0,764;0,200;4;0,250;1,000;0,754;0,381;0;0,000;0,000;0,000;0,000;1,000
350;j3035_10.sm;0;0;59;1;80;59;1;80;59;1;80;55;166;30;2,067;0,589;0,276;0,250;0,184;0,837;0,190;4;0,250;1,000;0,887;0,471;0;0,000;0,000;0,000;0,000;1,000
351;j3036_1.sm;0;0;66;CPM;0;66;1;70;66;1;70;66;184;30;2,067;0,561;0,276;0,304;0,038;0,804;0,185;4;0,250;1,000;1,000;0,368;0;0,000;0,000;0,000;0,000;1,000
352;j3036_2.sm;0;0;44;CPM;0;44;1;80;44;1;80;44;159;30;2,067;0,536;0,241;0,312;0,116;0,814;0,156;4;0,250;1,000;1,000;0,344;0;0,000;0,000;0,000;0,000;1,000
353;j3036_3.sm;0;0;61;CPM;0;61;1;60;61;1;60;61;158;30;2,067;0,582;0,276;0,286;0,090;0,796;0,190;4;0,250;1,000;1,000;0,413;0;0,000;0,000;0,000;0,000;1,000
354;j3036_4.sm;0;0;59;CPM;0;59;1;50;59;1;50;59;168;30;2,067;0,593;0,276;0,232;0,100;0,776;0,173;4;0,250;1,000;1,000;0,328;0;0,000;0,000;0,000;0,000;1,000
355;j3036_5.sm;0;0;64;CPM;0;64;1;80;64;1;80;64;171;30;2,067;0,552;0,276;0,357;0,092;0,820;0,190;4;0,250;1,000;1,000;0,376;0;0,000;0,000;0,000;0,000;1,000
356;j3036_6.sm;0;0;46;CPM;0;46;1;50;46;1;50;46;152;30;2,067;0,549;0,241;0,130;0,125;0,776;0,117;4;0,250;1,000;1,000;0,379;0;0,000;0,000;0,000;0,000;1,000
357;j3036_7.sm;0;0;56;CPM;0;56;1;50;56;1;50;56;173;30;2,067;0,572;0,241;0,299;0,110;0,824;0,065;4;0,250;1,000;1,000;0,315;0;0,000;0,000;0,000;0,000;1,000
358;j3036_8.sm;0;0;63;CPM;0;63;1;40;63;1;40;63;158;30;2,067;0,628;0,345;0,242;0,204;0,797;0,216;4;0,250;1,000;1,000;0,394;0;0,000;0,000;0,000;0,000;1,000
359;j3036_9.sm;0;0;59;CPM;0;59;1;50;59;1;50;59;176;30;2,067;0,529;0,276;0,429;0,147;0,849;0,256;4;0,250;1,000;1,000;0,389;0;0,000;0,000;0,000;0,000;1,000
360;j3036_10.sm;0;0;59;CPM;0;59;1;60;59;1;60;59;169;30;2,067;0,575;0,276;0,321;0,086;0,796;0,220;4;0,250;1,000;1,000;0,447;0;0,000;0,000;0,000;0,000;1,000
361;j3037_1.sm;0;0;79;1;70;79;1;70;79;1;70;46;162;30;2,067;0,556;0,241;0,260;0,122;0,833;0,175;4;0,508;2,033;0,201;0,443;0;0,000;0,000;0,000;0,000;1,000
362;j3037_2.sm;0;0;69;1;70;69;1;70;69;1;70;49;158;30;2,067;0,538;0,276;0,357;0,087;0,816;0,232;4;0,508;2,033;0,190;0,407;0;0,000;0,000;0,000;0,000;1,000
363;j3037_3.sm;0;0;81;1;70;81;1;70;81;1;70;52;169;30;2,067;0,556;0,241;0,221;0,092;0,819;0,195;4;0,508;2,033;0,200;0,430;0;0,000;0,000;0,000;0,000;1,000
364;j3037_4.sm;0;0;83;1;80;83;1;80;83;1;80;62;190;30;2,067;0,566;0,310;0,278;0,147;0,782;0,306;4;0,508;2,033;0,173;0,434;0;0,000;0,000;0,000;0,000;1,000
365;j3037_5.sm;0;0;80;1;70;80;1;70;80;1;70;59;198;30;2,067;0,591;0,276;0,214;0,123;0,804;0,226;4;0,508;2,033;0,205;0,429;0;0,000;0,000;0,000;0,000;1,000
366;j3037_6.sm;0;0;73;1;70;73;1;70;73;1;70;50;171;30;2,067;0,651;0,345;0,268;0,160;0,740;0,216;4;0,508;2,033;0,191;0,435;0;0,000;0,000;0,000;0,000;1,000
367;j3037_7.sm;0;0;92;1;50;92;1;50;92;1;50;54;163;30;2,067;0,543;0,276;0,286;0,150;0,820;0,250;4;0,508;2,033;0,196;0,462;0;0,000;0,000;0,000;0,000;1,000
368;j3037_8.sm;0;0;72;1;60;72;1;60;72;1;60;57;165;30;2,067;0,568;0,276;0,214;0,070;0,767;0,196;4;0,508;2,033;0,180;0,481;0;0,000;0,000;0,000;0,000;1,000
369;j3037_9.sm;0;0;57;1;50;57;1;50;57;1;50;46;124;30;2,067;0,598;0,310;0,278;0,114;0,836;0,217;4;0,508;2,033;0,192;0,482;0;0,000;0,000;0,000;0,000;1,000
370;j3037_10.sm;0;0;81;1;50;81;1;50;81;1;50;60;162;30;2,067;0,584;0,276;0,232;0,082;0,763;0,179;4;0,508;2,033;0,190;0,440;0;0,000;0,000;0,000;0,000;1,000
371;j3038_1.sm;0;0;48;1;70;48;1;70;48;1;70;46;155;30;2,067;0,582;0,276;0,214;0,080;0,771;0,173;4;0,508;2,033;0,508;0,301;0;0,000;0,000;0,000;0,000;1,000
372;j3038_2.sm;0;0;54;1;70;54;1;70;54;1;70;50;164;30;2,067;0,566;0,241;0,208;0,089;0,776;0,058;4;0,508;2,033;0,518;0,302;0;0,000;0,000;0,000;0,000;1,000
373;j3038_3.sm;0;0;59;1;40;59;1;40;59;1;40;53;151;30;2,067;0,545;0,241;0,260;0,110;0,800;0,091;4;0,508;2,033;0,519;0,322;0;0,000;0,000;0,000;0,000;1,000
374;j3038_4.sm;0;0;59;1;70;59;1;70;59;1;70;56;185;30;2,067;0,607;0,276;0,196;0,097;0,804;0,131;4;0,508;2,033;0,507;0,314;0;0,000;0,000;0,000;0,000;1,000
375;j3038_5.sm;0;0;71;1;70;71;1;70;71;1;70;62;186;30;2,067;0,570;0,241;0,247;0,111;0,781;0,091;4;0,508;2,033;0,533;0,330;0;0,000;0,000;0,000;0,000;1,000
376;j3038_6.sm;0;0;63;CPM;0;63;1;50;63;1;50;63;169;30;2,067;0,614;0,276;0,196;0,164;0,812;0,143;4;0,508;2,033;0,511;0,362;0;0,000;0,000;0,000;0,000;1,000
377;j3038_7.sm;0;0;65;1;70;65;1;70;65;1;70;63;153;30;2,067;0,529;0,241;0,312;0,084;0,814;0,110;4;0,508;2,033;0,526;0,342;0;0,000;0,000;0,000;0,000;1,000
378;j3038_8.sm;0;0;61;1;60;61;1;60;61;1;60;53;166;30;2,067;0,579;0,276;0,339;0,107;0,820;0,137;4;0,508;2,033;0,526;0,323;0;0,000;0,000;0,000;0,000;1,000
379;j3038_9.sm;0;0;63;1;70;63;1;70;63;1;70;56;170;30;2,067;0,561;0,241;0,169;0,077;0,762;0,143;4;0,508;2,033;0,523;0,329;0;0,000;0,000;0,000;0,000;1,000
380;j3038_10.sm;0;0;60;1;80;60;1;80;60;1;80;57;172;30;2,067;0,600;0,310;0,167;0,140;0,761;0,194;4;0,508;2,033;0,508;0,336;0;0,000;0,000;0,000;0,000;1,000
381;j3039_1.sm;0;0;55;CPM;0;55;1;70;55;1;70;55;171;30;2,067;0,561;0,241;0,260;0,119;0,771;0,175;4;0,508;2,033;0,688;0,246;0;0,000;0,000;0,000;0,000;1,000
382;j3039_2.sm;0;0;54;CPM;0;54;1;70;54;1;70;54;164;30;2,067;0,561;0,276;0,232;0,130;0,812;0,214;4;0,508;2,033;0,702;0,301;0;0,000;0,000;0,000;0,000;1,000
383;j3039_3.sm;0;0;54;1;80;54;1;80;54;1;80;53;171;30;2,067;0,577;0,241;0,260;0,143;0,843;0,156;4;0,508;2,033;0,724;0,299;0;0,000;0,000;0,000;0,000;1,000
384;j3039_4.sm;0;0;53;CPM;0;53;1;70;53;1;70;53;182;30;2,067;0,517;0,241;0,273;0,100;0,790;0,208;4;0,508;2,033;0,687;0,276;0;0,000;0,000;0,000;0,000;1,000
385;j3039_5.sm;0;0;55;CPM;0;55;1;50;55;1;50;55;164;30;2,067;0,556;0,241;0,312;0,114;0,819;0,136;4;0,508;2,033;0,701;0,282;0;0,000;0,000;0,000;0,000;1,000
386;j3039_6.sm;0;0;69;1;40;69;1;40;69;1;40;60;183;30;2,067;0,595;0,310;0,222;0,161;0,807;0,239;4;0,508;2,033;0,689;0,290;0;0,000;0,000;0,000;0,000;1,000
387;j3039_7.sm;0;0;56;1;60;56;1;60;56;1;60;49;131;30;2,067;0,552;0,241;0,221;0,082;0,790;0,123;4;0,508;2,033;0,722;0,299;0;0,000;0,000;0,000;0,000;1,000
388;j3039_8.sm;0;0;67;CPM;0;67;1;40;67;1;40;67;200;30;2,067;0,554;0,276;0,250;0,042;0,771;0,208;4;0,508;2,033;0,703;0,251;0;0,000;0,000;0,000;0,000;1,000
389;j3039_9.sm;0;0;64;1;50;64;1;50;64;1;50;58;176;30;2,067;0,621;0,310;0,167;0,098;0,768;0,200;4;0,508;2,033;0,704;0,251;0;0,000;0,000;0,000;0,000;1,000
390;j3039_10.sm;0;0;60;1;70;60;1;70;60;1;70;58;158;30;2,067;0,600;0,310;0,222;0,127;0,796;0,222;4;0,508;2,033;0,702;0,337;0;0,000;0,000;0,000;0,000;1,000
391;j3040_1.sm;0;0;51;CPM;0;51;1;70;51;1;70;51;183;30;2,067;0,547;0,241;0,169;0,099;0,752;0,136;4;0,508;2,033;1,000;0,268;0;0,000;0,000;0,000;0,000;1,000
392;j3040_2.sm;0;0;56;CPM;0;56;1;70;56;1;70;56;171;30;2,067;0,540;0,241;0,221;0,070;0,786;0,195;4;0,508;2,033;1,000;0,241;0;0,000;0,000;0,000;0,000;1,000
393;j3040_3.sm;0;0;57;CPM;0;57;1;70;57;1;70;57;160;30;2,067;0,536;0,241;0,299;0,106;0,767;0,188;4;0,508;2,033;1,000;0,217;0;0,000;0,000;0,000;0,000;1,000
394;j3040_4.sm;0;0;57;CPM;0;57;1;60;57;1;60;57;175;30;2,067;0,572;0,241;0,182;0,129;0,824;0,136;4;0,508;2,033;1,000;0,265;0;0,000;0,000;0,000;0,000;1,000
395;j3040_5.sm;0;0;65;CPM;0;65;1;50;65;1;50;65;177;30;2,067;0,589;0,276;0,161;0,058;0,776;0,173;4;0,508;2,033;1,000;0,234;0;0,000;0,000;0,000;0,000;1,000
396;j3040_6.sm;0;0;60;CPM;0;60;1;50;60;1;50;60;166;30;2,067;0,632;0,345;0,384;0,113;0,806;0,289;4;0,508;2,033;1,000;0,268;0;0,000;0,000;0,000;0,000;1,000
397;j3040_7.sm;0;0;46;CPM;0;46;1;50;46;1;50;46;173;30;2,067;0,554;0,241;0,273;0,105;0,824;0,136;4;0,508;2,033;1,000;0,215;0;0,000;0,000;0,000;0,000;1,000
398;j3040_8.sm;0;0;57;CPM;0;57;1;70;57;1;70;57;177;30;2,067;0,543;0,241;0,364;0,104;0,838;0,169;4;0,508;2,033;1,000;0,271;0;0,000;0,000;0,000;0,000;1,000
399;j3040_9.sm;0;0;64;CPM;0;64;1;50;64;1;50;64;187;30;2,067;0,568;0,241;0,208;0,089;0,767;0,156;4;0,508;2,033;1,000;0,257;0;0,000;0,000;0,000;0,000;1,000
400;j3040_10.sm;0;0;51;CPM;0;51;1;60;51;1;60;51;178;30;2,067;0,579;0,276;0,268;0,127;0,812;0,173;4;0,508;2,033;1,000;0,257;0;0,000;0,000;0,000;0,000;1,000
401;j3041_1.sm;0;0;86;1;60;86;1;60;86;1;60;50;170;30;2,067;0,607;0,276;0,196;0,069;0,784;0,149;4;0,758;3,033;0,189;0,402;0;0,000;0,000;0,000;0,000;1,000
402;j3041_2.sm;0;0;89;1;80;89;1;80;89;1;80;49;165;30;2,067;0,589;0,276;0,214;0,104;0,743;0,185;4;0,758;3,033;0,196;0,394;0;0,000;0,000;0,000;0,000;1,000
403;j3041_3.sm;0;0;85;1;50;85;1;50;85;1;50;59;153;30;2,067;0,559;0,276;0,143;0,090;0,710;0,196;4;0,758;3,033;0,206;0,421;0;0,000;0,000;0,000;0,000;1,000
404;j3041_4.sm;0;0;78;1;70;78;1;70;78;1;70;47;152;30;2,067;0,568;0,241;0,208;0,084;0,790;0,084;4;0,758;3,033;0,203;0,385;0;0,000;0,000;0,000;0,000;1,000
405;j3041_5.sm;0;0;99;1;60;99;1;60;99;1;60;63;202;30;2,067;0,630;0,310;0,278;0,116;0,825;0,233;4;0,758;3,033;0,186;0,396;0;0,000;0,000;0,000;0,000;1,000
406;j3041_6.sm;0;0;103;1;60;103;1;60;103;1;60;65;155;30;2,067;0,556;0,276;0,143;0,092;0,727;0,179;4;0,758;3,033;0,211;0,469;0;0,000;0,000;0,000;0,000;1,000
407;j3041_7.sm;0;0;92;1;70;92;1;70;92;1;70;56;181;30;2,067;0,566;0,241;0,299;0,172;0,871;0,110;4;0,758;3,033;0,198;0,415;0;0,000;0,000;0,000;0,000;1,000
408;j3041_8.sm;0;0;88;1;100;88;1;100;88;1;100;55;185;30;2,067;0,526;0,241;0,273;0,140;0,829;0,149;4;0,758;3,033;0,201;0,409;0;0,000;0,000;0,000;0,000;1,000
409;j3041_9.sm;0;0;92;1;80;92;1;80;92;1;80;69;163;30;2,067;0,549;0,276;0,357;0,124;0,816;0,262;4;0,758;3,033;0,202;0,421;0;0,000;0,000;0,000;0,000;1,000
410;j3041_10.sm;0;0;99;1;110;99;1;110;99;1;110;59;183;30;2,067;0,524;0,241;0,221;0,156;0,810;0,175;4;0,758;3,033;0,192;0,427;0;0,000;0,000;0,000;0,000;1,000
411;j3042_1.sm;0;0;58;CPM;0;58;1;50;58;1;50;58;165;30;2,067;0,543;0,241;0,260;0,131;0,786;0,136;4;0,758;3,033;0,513;0,243;0;0,000;0,000;0,000;0,000;1,000
412;j3042_2.sm;0;0;50;1;70;50;1;70;50;1;70;47;154;30;2,067;0,547;0,276;0,286;0,067;0,784;0,232;4;0,758;3,033;0,514;0,263;0;0,000;0,000;0,000;0,000;1,000
413;j3042_3.sm;0;0;60;1;50;60;1;50;60;1;50;54;175;30;2,067;0,591;0,276;0,304;0,108;0,824;0,173;4;0,758;3,033;0,522;0,272;0;0,000;0,000;0,000;0,000;1,000
414;j3042_4.sm;0;0;49;1;60;49;1;60;49;1;60;42;139;30;2,067;0,540;0,241;0,312;0,111;0,843;0,175;4;0,758;3,033;0,519;0,277;0;0,000;0,000;0,000;0,000;1,000
415;j3042_5.sm;0;0;52;CPM;0;52;1;60;52;1;60;52;156;30;2,067;0,556;0,276;0,268;0,051;0,812;0,196;4;0,758;3,033;0,518;0,248;0;0,000;0,000;0,000;0,000;1,000
416;j3042_6.sm;0;0;66;1;40;66;1;40;66;1;40;58;167;30;2,067;0,600;0,276;0,214;0,043;0,788;0,125;4;0,758;3,033;0,511;0,264;0;0,000;0,000;0,000;0,000;1,000
417;j3042_7.sm;0;0;66;1;80;66;1;80;66;1;80;65;174;30;2,067;0,595;0,310;0,222;0,117;0,764;0,250;4;0,758;3,033;0,520;0,274;0;0,000;0,000;0,000;0,000;1,000
418;j3042_8.sm;0;0;82;1;80;82;1;80;82;1;80;67;169;30;2,067;0,591;0,276;0,250;0,078;0,804;0,155;4;0,758;3,033;0,510;0,312;0;0,000;0,000;0,000;0,000;1,000
419;j3042_9.sm;0;0;60;1;50;60;1;50;60;1;50;59;179;30;2,067;0,524;0,241;0,169;0,089;0,743;0,117;4;0,758;3,033;0,500;0,294;0;0,000;0,000;0,000;0,000;1,000
420;j3042_10.sm;0;0;75;CPM;0;75;1;40;75;1;40;75;179;30;2,067;0,586;0,276;0,214;0,111;0,800;0,179;4;0,758;3,033;0,514;0,279;0;0,000;0,000;0,000;0,000;1,000
421;j3043_1.sm;0;0;55;1;50;55;1;50;55;1;50;53;158;30;2,067;0,561;0,276;0,214;0,107;0,767;0,232;4;0,758;3,033;0,707;0,298;0;0,000;0,000;0,000;0,000;1,000
422;j3043_2.sm;0;0;43;CPM;0;43;1;80;43;1;80;43;147;30;2,067;0,536;0,241;0,169;0,075;0,733;0,143;4;0,758;3,033;0,702;0,209;0;0,000;0,000;0,000;0,000;1,000
423;j3043_3.sm;0;0;57;1;70;57;1;70;57;1;70;55;180;30;2,067;0,543;0,276;0,339;0,096;0,800;0,262;4;0,758;3,033;0,704;0,265;0;0,000;0,000;0,000;0,000;1,000
424;j3043_4.sm;0;0;67;CPM;0;67;1;60;67;1;60;67;154;30;2,067;0,559;0,241;0,208;0,099;0,757;0,136;4;0,758;3,033;0,686;0,276;0;0,000;0,000;0,000;0,000;1,000
425;j3043_5.sm;0;0;64;1;50;64;1;50;64;1;50;62;180;30;2,067;0,570;0,276;0,286;0,103;0,812;0,179;4;0,758;3,033;0,704;0,259;0;0,000;0,000;0,000;0,000;1,000
426;j3043_6.sm;0;0;58;1;70;58;1;70;58;1;70;56;166;30;2,067;0,632;0,276;0,250;0,139;0,837;0,167;4;0,758;3,033;0,714;0,226;0;0,000;0,000;0,000;0,000;1,000
427;j3043_7.sm;0;0;52;CPM;0;52;1;70;52;1;70;52;170;30;2,067;0,547;0,310;0,333;0,053;0,789;0,317;4;0,758;3,033;0,711;0,223;0;0,000;0,000;0,000;0,000;1,000
428;j3043_8.sm;0;0;62;CPM;0;62;1;60;62;1;60;62;170;30;2,067;0,639;0,310;0,222;0,127;0,807;0,194;4;0,758;3,033;0,719;0,265;0;0,000;0,000;0,000;0,000;1,000
429;j3043_9.sm;0;0;57;1;80;57;1;80;57;1;80;56;162;30;2,067;0,547;0,310;0,278;0,071;0,779;0,344;4;0,758;3,033;0,701;0,241;0;0,000;0,000;0,000;0,000;1,000
430;j3043_10.sm;0;0;60;1;80;60;1;80;60;1;80;59;155;30;2,067;0,598;0,276;0,250;0,118;0,804;0,179;4;0,758;3,033;0,711;0,282;0;0,000;0,000;0,000;0,000;1,000
431;j3044_1.sm;0;0;50;CPM;0;50;1;70;50;1;70;50;150;30;2,067;0,536;0,276;0,214;0,107;0,792;0,226;4;0,758;3,033;1,000;0,203;0;0,000;0,000;0,000;0,000;1,000
432;j3044_2.sm;0;0;54;CPM;0;54;1;70;54;1;70;54;196;30;2,067;0,561;0,241;0,221;0,133;0,833;0,143;4;0,758;3,033;1,000;0,205;0;0,000;0,000;0,000;0,000;1,000
433;j3044_3.sm;0;0;51;CPM;0;51;1;40;51;1;40;51;183;30;2,067;0,543;0,276;0,339;0,089;0,800;0,256;4;0,758;3,033;1,000;0,144;0;0,000;0,000;0,000;0,000;1,000
434;j3044_4.sm;0;0;57;CPM;0;57;1;70;57;1;70;57;172;30;2,067;0,651;0,276;0,196;0,137;0,829;0,137;4;0,758;3,033;1,000;0,215;0;0,000;0,000;0,000;0,000;1,000
435;j3044_5.sm;0;0;55;CPM;0;55;1;50;55;1;50;55;195;30;2,067;0,524;0,207;0,196;0,116;0,817;0,029;4;0,758;3,033;1,000;0,169;0;0,000;0,000;0,000;0,000;1,000
436;j3044_6.sm;0;0;56;CPM;0;56;1;70;56;1;70;56;152;30;2,067;0,623;0,310;0,222;0,127;0,764;0,222;4;0,758;3,033;1,000;0,200;0;0,000;0,000;0,000;0,000;1,000
437;j3044_7.sm;0;0;42;CPM;0;42;1;40;42;1;40;42;162;30;2,067;0,559;0,241;0,221;0,133;0,838;0,188;4;0,758;3,033;1,000;0,170;0;0,000;0,000;0,000;0,000;1,000
438;j3044_8.sm;0;0;49;CPM;0;49;1;70;49;1;70;49;153;30;2,067;0,549;0,276;0,268;0,037;0,784;0,226;4;0,758;3,033;1,000;0,209;0;0,000;0,000;0,000;0,000;1,000
439;j3044_9.sm;0;0;64;CPM;0;64;1;60;64;1;60;64;159;30;2,067;0,641;0,310;0,167;0,246;0,807;0,206;4;0,758;3,033;1,000;0,221;0;0,000;0,000;0,000;0,000;1,000
440;j3044_10.sm;0;0;63;CPM;0;63;1;70;63;1;70;63;183;30;2,067;0,582;0,241;0,117;0,118;0,752;0,084;4;0,758;3,033;1,000;0,178;0;0,000;0,000;0,000;0,000;1,000
441;j3045_1.sm;0;0;82;1;80;82;1;80;82;1;80;53;151;30;2,067;0,570;0,276;0,286;0,099;0,808;0,214;4;1,000;4,000;0,199;0,380;0;0,000;0,000;0,000;0,000;1,000
442;j3045_2.sm;0;0;125;1;40;125;1;40;125;1;40;63;165;30;2,067;0,589;0,276;0,304;0,074;0,824;0,125;4;1,000;4,000;0,189;0,417;0;0,000;0,000;0,000;0,000;1,000
443;j3045_3.sm;0;0;92;1;80;92;1;80;92;1;80;57;168;30;2,067;0,600;0,276;0,232;0,070;0,780;0,119;4;1,000;4,000;0,201;0,387;0;0,000;0,000;0,000;0,000;1,000
444;j3045_4.sm;0;0;84;1;70;84;1;70;84;1;70;59;177;30;2,067;0,566;0,276;0,214;0,043;0,747;0,214;4;1,000;4,000;0,201;0,329;0;0,000;0,000;0,000;0,000;1,000
445;j3045_5.sm;0;0;86;1;70;86;1;70;86;1;70;58;155;30;2,067;0,609;0,276;0,304;0,147;0,808;0,202;4;1,000;4,000;0,200;0,367;0;0,000;0,000;0,000;0,000;1,000
446;j3045_6.sm;0;0;129;1;70;129;1;70;129;1;70;70;195;30;2,067;0,575;0,276;0,321;0,120;0,796;0,173;4;1,000;4,000;0,186;0,418;0;0,000;0,000;0,000;0,000;1,000
447;j3045_7.sm;0;0;101;1;70;101;1;70;101;1;70;72;175;30;2,067;0,589;0,310;0,111;0,100;0,768;0,222;4;1,000;4,000;0,202;0,377;0;0,000;0,000;0,000;0,000;1,000
448;j3045_8.sm;0;0;94;1;80;94;1;80;94;1;80;65;143;30;2,067;0,609;0,310;0,222;0,127;0,807;0,194;4;1,000;4,000;0,196;0,389;0;0,000;0,000;0,000;0,000;1,000
449;j3045_9.sm;0;0;82;1;140;82;1;140;82;1;140;50;155;30;2,067;0,559;0,276;0,411;0,120;0,841;0,232;4;1,000;4,000;0,211;0,341;0;0,000;0,000;0,000;0,000;1,000
450;j3045_10.sm;0;0;90;1;60;90;1;60;90;1;60;58;160;30;2,067;0,628;0,345;0,342;0,053;0,803;0,237;4;1,000;4,000;0,205;0,369;0;0,000;0,000;0,000;0,000;1,000
451;j3046_1.sm;0;0;59;1;70;59;1;70;59;1;70;58;151;30;2,067;0,554;0,276;0,339;0,095;0,808;0,185;4;1,000;4,000;0,519;0,249;0;0,000;0,000;0,000;0,000;1,000
452;j3046_2.sm;0;0;67;1;80;67;1;80;67;1;80;64;191;30;2,067;0,584;0,310;0,278;0,074;0,779;0,278;4;1,000;4,000;0,505;0,254;0;0,000;0,000;0,000;0,000;1,000
453;j3046_3.sm;0;0;65;1;50;65;1;50;65;1;50;64;167;30;2,067;0,547;0,276;0,286;0,111;0,788;0,226;4;1,000;4,000;0,505;0,269;0;0,000;0,000;0,000;0,000;1,000
454;j3046_4.sm;0;0;64;1;30;64;1;30;64;1;30;60;182;30;2,067;0,589;0,276;0,268;0,090;0,800;0,161;4;1,000;4,000;0,514;0,246;0;0,000;0,000;0,000;0,000;1,000
455;j3046_5.sm;0;0;57;1;50;57;1;50;57;1;50;56;191;30;2,067;0,556;0,276;0,339;0,073;0,812;0,202;4;1,000;4,000;0,507;0,227;0;0,000;0,000;0,000;0,000;1,000
456;j3046_6.sm;0;0;59;1;90;59;1;90;59;1;90;56;167;30;2,067;0,554;0,276;0,250;0,052;0,780;0,214;4;1,000;4,000;0,505;0,239;0;0,000;0,000;0,000;0,000;1,000
457;j3046_7.sm;0;0;59;1;80;59;1;80;59;1;80;47;152;30;2,067;0,577;0,310;0,222;0,069;0,743;0,233;4;1,000;4,000;0,500;0,275;0;0,000;0,000;0,000;0,000;1,000
458;j3046_8.sm;0;0;58;1;80;58;1;80;58;1;80;55;187;30;2,067;0,584;0,276;0,304;0,139;0,800;0,226;4;1,000;4,000;0,517;0,245;0;0,000;0,000;0,000;0,000;1,000
459;j3046_9.sm;0;0;49;1;70;49;1;70;49;1;70;45;151;30;2,067;0,549;0,241;0,208;0,095;0,795;0,130;4;1,000;4,000;0,513;0,217;0;0,000;0,000;0,000;0,000;1,000
460;j3046_10.sm;0;0;55;1;90;55;1;90;55;1;90;46;153;30;2,067;0,547;0,241;0,260;0,140;0,810;0,117;4;1,000;4,000;0,514;0,224;0;0,000;0,000;0,000;0,000;1,000
461;j3047_1.sm;0;0;58;CPM;0;58;1;40;58;1;40;58;154;30;2,067;0,634;0,310;0,167;0,159;0,793;0,211;4;1,000;4,000;0,697;0,225;0;0,000;0,000;0,000;0,000;1,000
462;j3047_2.sm;0;0;59;CPM;0;59;1;60;59;1;60;59;172;30;2,067;0,563;0,276;0,286;0,062;0,792;0,214;4;1,000;4,000;0,696;0,196;0;0,000;0,000;0,000;0,000;1,000
463;j3047_3.sm;0;0;55;CPM;0;55;1;70;55;1;70;55;186;30;2,067;0,577;0,241;0,169;0,110;0,790;0,143;4;1,000;4,000;0,692;0,200;0;0,000;0,000;0,000;0,000;1,000
464;j3047_4.sm;0;0;49;1;50;49;1;50;49;1;50;48;157;30;2,067;0,584;0,276;0,250;0,078;0,808;0,167;4;1,000;4,000;0,701;0,198;0;0,000;0,000;0,000;0,000;1,000
465;j3047_5.sm;0;0;47;1;60;47;1;60;47;1;60;44;140;30;2,067;0,547;0,241;0,169;0,131;0,776;0,136;4;1,000;4,000;0,692;0,210;0;0,000;0,000;0,000;0,000;1,000
466;j3047_6.sm;0;0;53;1;50;53;1;50;53;1;50;50;175;30;2,067;0,554;0,276;0,339;0,095;0,800;0,256;4;1,000;4,000;0,692;0,189;0;0,000;0,000;0,000;0,000;1,000
467;j3047_7.sm;0;0;66;1;70;66;1;70;66;1;70;60;190;30;2,067;0,549;0,276;0,286;0,062;0,792;0,226;4;1,000;4,000;0,696;0,197;0;0,000;0,000;0,000;0,000;1,000
468;j3047_8.sm;0;0;48;CPM;0;48;1;60;48;1;60;48;166;30;2,067;0,561;0,241;0,169;0,146;0,786;0,143;4;1,000;4,000;0,702;0,175;0;0,000;0,000;0,000;0,000;1,000
469;j3047_9.sm;0;0;65;CPM;0;65;1;40;65;1;40;65;181;30;2,067;0,584;0,310;0,111;0,121;0,754;0,228;4;1,000;4,000;0,696;0,203;0;0,000;0,000;0,000;0,000;1,000
470;j3047_10.sm;0;0;60;1;70;60;1;70;60;1;70;57;187;30;2,067;0,566;0,276;0,250;0,115;0,776;0,238;4;1,000;4,000;0,701;0,224;0;0,000;0,000;0,000;0,000;1,000
471;j3048_1.sm;0;0;63;CPM;0;63;1;50;63;1;50;63;142;30;2,067;0,600;0,310;0,222;0,081;0,789;0,217;4;1,000;4,000;1,000;0,166;0;0,000;0,000;0,000;0,000;1,000
472;j3048_2.sm;0;0;54;CPM;0;54;1;60;54;1;60;54;140;30;2,067;0,609;0,310;0,389;0,129;0,836;0,228;4;1,000;4,000;1,000;0,161;0;0,000;0,000;0,000;0,000;1,000
473;j3048_3.sm;0;0;50;CPM;0;50;1;40;50;1;40;50;157;30;2,067;0,522;0,241;0,455;0,143;0,857;0,169;4;1,000;4,000;1,000;0,128;0;0,000;0,000;0,000;0,000;1,000
474;j3048_4.sm;0;0;57;CPM;0;57;1;40;57;1;40;57;171;30;2,067;0,572;0,241;0,156;0,154;0,810;0,143;4;1,000;4,000;1,000;0,160;0;0,000;0,000;0,000;0,000;1,000
475;j3048_5.sm;0;0;58;CPM;0;58;1;40;58;1;40;58;178;30;2,067;0,517;0,207;0,159;0,083;0,766;0,072;4;1,000;4,000;1,000;0,174;0;0,000;0,000;0,000;0,000;1,000
476;j3048_6.sm;0;0;58;CPM;0;58;1;50;58;1;50;58;169;30;2,067;0,577;0,276;0,250;0,100;0,755;0,202;4;1,000;4,000;1,000;0,145;0;0,000;0,000;0,000;0,000;1,000
477;j3048_7.sm;0;0;55;CPM;0;55;1;50;55;1;50;55;172;30;2,067;0,570;0,276;0,143;0,104;0,771;0,208;4;1,000;4,000;1,000;0,173;0;0,000;0,000;0,000;0,000;1,000
478;j3048_8.sm;0;0;44;CPM;0;44;1;50;44;1;50;44;152;30;2,067;0,598;0,241;0,260;0,111;0,814;0,045;4;1,000;4,000;1,000;0,177;0;0,000;0,000;0,000;0,000;1,000
479;j3048_9.sm;0;0;59;CPM;0;59;1;40;59;1;40;59;192;30;2,067;0,552;0,276;0,268;0,083;0,776;0,250;4;1,000;4,000;1,000;0,170;0;0,000;0,000;0,000;0,000;1,000
480;j3048_10.sm;0;0;54;CPM;0;54;1;40;54;1;40;54;167;30;2,067;0,538;0,241;0,260;0,085;0,771;0,143;4;1,000;4,000;1,000;0,148;0;0,000;0,000;0,000;0,000;1,000
# Record sets:
ID;1
# Author(s); Demeulemeester, E. and Herroelen, W.
# Reference; Demeulemeester, E. and Herroelen, W. (1992). A branch-and-bound procedure for the multiple resource-constrained project scheduling problem. Management Science, 38:1803-1818.
# Date; 1992/01/01
# Hardware / software; Stevin Supercomputer Infrastructure, C++, compiler intel/2017.02, Linux
# Stop criteria(s); 60 second(s)
# Submission date; 2017/5/19
