Title;J60
Description;Dataset proposed in the paper Kolisch, R. and A. Sprecher (1996): PSPLIB - A project scheduling library, European Journal of Operational Research, Vol. 96,pp. 205--216.
Number;480
Format;sm
ID;Ref1;Ref2;Ref3;LB value;LB ref;LB time;UB value;UB ref;UB time;OPT value;OPT ref;OPT time;CPM;Sum PT;# Act;CNC;OS;SP/I2;AD/I3;LA/I4;I5;TF/I6;# RR;RF/RR;RU/RR;RS/RR;RC/RR;# NR;RF/NR;RU/NR;RS/NR;RC/NR;# Modes
1;j601_1.sm;0;0;77;CPM;0;77;1;2;77;1;2;77;329;60;1,450;0,232;0,186;0,455;0,010;0,717;0,409;4;0,250;1,000;0,194;0,419;0;0,000;0,000;0,000;0,000;1,000
2;j601_2.sm;0;0;68;1;483;68;1;483;68;1;483;65;344;60;1,450;0,260;0,186;0,295;0,003;0,710;0,288;4;0,250;1,000;0,204;0,408;0;0,000;0,000;0,000;0,000;1,000
3;j601_3.sm;0;0;68;1;3913;68;1;3913;68;1;3913;67;316;60;1,450;0,244;0,169;0,453;0,005;0,733;0,292;4;0,250;1,000;0,203;0,414;0;0,000;0,000;0,000;0,000;1,000
4;j601_4.sm;0;0;91;1;3511;91;1;3511;91;1;3511;79;324;60;1,450;0,263;0,186;0,409;0,009;0,733;0,328;4;0,250;1,000;0,210;0,400;0;0,000;0,000;0,000;0,000;1,000
5;j601_5.sm;0;0;73;1;4819;73;1;4819;73;1;4819;68;308;60;1,450;0,270;0,186;0,477;0,018;0,773;0,280;4;0,250;1,000;0,202;0,420;0;0,000;0,000;0,000;0,000;1,000
6;j601_6.sm;0;0;66;2;8;66;1;60118;66;6;220;52;296;60;1,450;0,227;0,169;0,308;0,010;0,719;0,318;4;0,250;1,000;0,217;0,395;0;0,000;0,000;0,000;0,000;1,000
7;j601_7.sm;0;0;72;1;4579;72;1;4579;72;1;4579;60;341;60;1,450;0,223;0,136;0,382;0,018;0,810;0,181;4;0,250;1,000;0,204;0,434;0;0,000;0,000;0,000;0,000;1,000
8;j601_8.sm;0;0;75;1;60;75;1;60;75;1;60;71;363;60;1,450;0,304;0,203;0,261;0,000;0,667;0,289;4;0,250;1,000;0,231;0,441;0;0,000;0,000;0,000;0,000;1,000
9;j601_9.sm;0;0;85;1;582;85;1;582;85;1;582;75;342;60;1,450;0,263;0,169;0,298;0,006;0,752;0,257;4;0,250;1,000;0,213;0,429;0;0,000;0,000;0,000;0,000;1,000
10;j601_10.sm;0;0;80;1;172;80;1;172;80;1;172;76;354;60;1,450;0,271;0,220;0,324;0,012;0,678;0,403;4;0,250;1,000;0,198;0,430;0;0,000;0,000;0,000;0,000;1,000
11;j602_1.sm;0;0;65;CPM;0;65;1;0;65;1;0;65;324;60;1,450;0,241;0,153;0,333;0,011;0,750;0,191;4;0,250;1,000;0,520;0,309;0;0,000;0,000;0,000;0,000;1,000
12;j602_2.sm;0;0;82;CPM;0;82;1;0;82;1;0;82;343;60;1,450;0,271;0,203;0,376;0,003;0,733;0,340;4;0,250;1,000;0,510;0,343;0;0,000;0,000;0,000;0,000;1,000
13;j602_3.sm;0;0;78;1;3684;78;1;3684;78;1;3684;77;391;60;1,450;0,254;0,186;0,273;0,014;0,707;0,318;4;0,250;1,000;0,514;0,319;0;0,000;0,000;0,000;0,000;1,000
14;j602_4.sm;0;0;78;CPM;0;78;1;0;78;1;0;78;332;60;1,450;0,266;0,203;0,376;0,003;0,721;0,339;4;0,250;1,000;0,522;0,328;0;0,000;0,000;0,000;0,000;1,000
15;j602_5.sm;0;0;54;1;18;54;1;18;54;1;18;53;338;60;1,450;0,220;0,136;0,279;0,000;0,662;0,184;4;0,250;1,000;0,509;0,283;0;0,000;0,000;0,000;0,000;1,000
16;j602_6.sm;0;0;64;1;28;64;1;28;64;1;28;61;309;60;1,450;0,228;0,153;0,333;0,013;0,787;0,260;4;0,250;1,000;0,505;0,322;0;0,000;0,000;0,000;0,000;1,000
17;j602_7.sm;0;0;53;1;53;53;1;53;53;1;53;49;336;60;1,450;0,205;0,136;0,338;0,016;0,786;0,230;4;0,250;1,000;0,511;0,256;0;0,000;0,000;0,000;0,000;1,000
18;j602_8.sm;0;0;66;CPM;0;66;1;0;66;1;0;66;328;60;1,450;0,220;0,153;0,333;0,010;0,767;0,242;4;0,250;1,000;0,556;0,329;0;0,000;0,000;0,000;0,000;1,000
19;j602_9.sm;0;0;65;CPM;0;65;1;1;65;1;1;65;336;60;1,450;0,247;0,153;0,422;0,025;0,833;0,191;4;0,250;1,000;0,520;0,267;0;0,000;0,000;0,000;0,000;1,000
20;j602_10.sm;0;0;69;1;7;69;1;7;69;1;7;64;386;60;1,450;0,231;0,136;0,360;0,020;0,824;0,184;4;0,250;1,000;0,510;0,298;0;0,000;0,000;0,000;0,000;1,000
21;j603_1.sm;0;0;60;CPM;0;60;1;0;60;1;0;60;332;60;1,450;0,256;0,186;0,455;0,013;0,723;0,318;4;0,250;1,000;0,697;0,237;0;0,000;0,000;0,000;0,000;1,000
22;j603_2.sm;0;0;69;CPM;0;69;1;0;69;1;0;69;332;60;1,450;0,246;0,169;0,365;0,012;0,726;0,245;4;0,250;1,000;0,702;0,262;0;0,000;0,000;0,000;0,000;1,000
23;j603_3.sm;0;0;105;1;0;105;1;0;105;1;0;102;359;60;1,450;0,260;0,220;0,398;0,017;0,772;0,431;4;0,250;1,000;0,727;0,290;0;0,000;0,000;0,000;0,000;1,000
24;j603_4.sm;0;0;81;CPM;0;81;1;0;81;1;0;81;342;60;1,450;0,330;0,203;0,362;0,011;0,694;0,241;4;0,250;1,000;0,699;0,265;0;0,000;0,000;0,000;0,000;1,000
25;j603_5.sm;0;0;83;CPM;0;83;1;0;83;1;0;83;373;60;1,450;0,284;0,203;0,459;0,012;0,764;0,321;4;0,250;1,000;0,713;0,234;0;0,000;0,000;0,000;0,000;1,000
26;j603_6.sm;0;0;57;CPM;0;57;1;0;57;1;0;57;362;60;1,450;0,238;0,153;0,289;0,008;0,762;0,227;4;0,250;1,000;0,700;0,255;0;0,000;0,000;0,000;0,000;1,000
27;j603_7.sm;0;0;59;1;2;59;1;2;59;1;2;58;315;60;1,450;0,210;0,153;0,444;0,013;0,783;0,309;4;0,250;1,000;0,693;0,273;0;0,000;0,000;0,000;0,000;1,000
28;j603_8.sm;0;0;55;1;15;55;1;15;55;1;15;52;318;60;1,450;0,238;0,136;0,272;0,021;0,781;0,145;4;0,250;1,000;0,688;0,304;0;0,000;0,000;0,000;0,000;1,000
29;j603_9.sm;0;0;67;1;8;67;1;8;67;1;8;63;324;60;1,450;0,275;0,153;0,356;0,013;0,821;0,127;4;0,250;1,000;0,697;0,243;0;0,000;0,000;0,000;0,000;1,000
30;j603_10.sm;0;0;69;1;1;69;1;1;69;1;1;67;334;60;1,450;0,281;0,169;0,353;0,017;0,796;0,235;4;0,250;1,000;0,758;0,316;0;0,000;0,000;0,000;0,000;1,000
31;j604_1.sm;0;0;84;CPM;0;84;1;0;84;1;0;84;382;60;1,450;0,237;0,169;0,353;0,018;0,726;0,298;4;0,250;1,000;1,000;0,222;0;0,000;0,000;0,000;0,000;1,000
32;j604_2.sm;0;0;60;CPM;0;60;1;0;60;1;0;60;321;60;1,450;0,255;0,203;0,316;0,014;0,758;0,362;4;0,250;1,000;1,000;0,202;0;0,000;0,000;0,000;0,000;1,000
33;j604_3.sm;0;0;58;CPM;0;58;1;0;58;1;0;58;332;60;1,450;0,208;0,136;0,397;0,017;0,800;0,189;4;0,250;1,000;1,000;0,182;0;0,000;0,000;0,000;0,000;1,000
34;j604_4.sm;0;0;65;CPM;0;65;1;0;65;1;0;65;322;60;1,450;0,267;0,186;0,341;0,010;0,713;0,278;4;0,250;1,000;1,000;0,263;0;0,000;0,000;0,000;0,000;1,000
35;j604_5.sm;0;0;75;CPM;0;75;1;0;75;1;0;75;345;60;1,450;0,268;0,169;0,296;0,019;0,756;0,220;4;0,250;1,000;1,000;0,236;0;0,000;0,000;0,000;0,000;1,000
36;j604_6.sm;0;0;71;CPM;0;71;1;0;71;1;0;71;306;60;1,450;0,211;0,169;0,510;0,007;0,800;0,355;4;0,250;1,000;1,000;0,202;0;0,000;0,000;0,000;0,000;1,000
37;j604_7.sm;0;0;67;CPM;0;67;1;1;67;1;1;67;333;60;1,450;0,222;0,153;0,356;0,008;0,729;0,284;4;0,250;1,000;1,000;0,231;0;0,000;0,000;0,000;0,000;1,000
38;j604_8.sm;0;0;65;CPM;0;65;1;0;65;1;0;65;306;60;1,450;0,250;0,186;0,386;0,019;0,793;0,313;4;0,250;1,000;1,000;0,198;0;0,000;0,000;0,000;0,000;1,000
39;j604_9.sm;0;0;75;CPM;0;75;1;0;75;1;0;75;332;60;1,450;0,246;0,169;0,308;0,018;0,759;0,271;4;0,250;1,000;1,000;0,231;0;0,000;0,000;0,000;0,000;1,000
40;j604_10.sm;0;0;77;CPM;0;77;1;0;77;1;0;77;321;60;1,450;0,286;0,169;0,308;0,015;0,752;0,151;4;0,250;1,000;1,000;0,286;0;0,000;0,000;0,000;0,000;1,000
41;j605_1.sm;0;0;76;7;2776882;76;3;7000;76;7;2776882;59;284;60;1,450;0,255;0,153;0,311;0,023;0,787;0,182;4;0,504;2,017;0,190;0,353;0;0,000;0,000;0,000;0,000;1,000
42;j605_2.sm;0;0;106;7;4411734;106;3;7000;106;7;4411734;76;345;60;1,450;0,284;0,220;0,395;0,017;0,764;0,415;4;0,504;2,017;0,205;0,377;0;0,000;0,000;0,000;0,000;1,000
43;j605_3.sm;0;0;80;6;1406040;80;6;1406040;80;6;1406040;59;337;60;1,450;0,241;0,153;0,311;0,016;0,758;0,211;4;0,504;2,017;0,203;0,331;0;0,000;0,000;0,000;0,000;1,000
44;j605_4.sm;0;0;72;7;1717781;72;6;3600010;72;7;1717781;53;292;60;1,450;0,225;0,169;0,376;0,016;0,778;0,333;4;0,504;2,017;0,211;0,355;0;0,000;0,000;0,000;0,000;1,000
45;j605_5.sm;0;0;108;7;80511;108;3;7000;108;7;80511;79;350;60;1,450;0,366;0,186;0,250;0,012;0,723;0,186;4;0,504;2,017;0,206;0,388;0;0,000;0,000;0,000;0,000;1,000
46;j605_6.sm;0;0;74;6;133350;74;6;133350;74;6;133350;64;313;60;1,450;0,250;0,153;0,378;0,015;0,758;0,191;4;0,504;2,017;0,206;0,332;0;0,000;0,000;0,000;0,000;1,000
47;j605_7.sm;0;0;75;7;491806;75;3;7000;75;7;491806;51;294;60;1,450;0,247;0,169;0,243;0,003;0,700;0,259;4;0,504;2,017;0,196;0,387;0;0,000;0,000;0,000;0,000;1,000
48;j605_8.sm;0;0;78;6;859550;78;6;859550;78;6;859550;65;323;60;1,450;0,228;0,169;0,420;0,010;0,774;0,345;4;0,504;2,017;0,198;0,329;0;0,000;0,000;0,000;0,000;1,000
49;j605_9.sm;0;0;83;6;2930;83;6;2930;83;6;2930;82;309;60;1,450;0,292;0,203;0,413;0,006;0,676;0,363;4;0,504;2,017;0,193;0,350;0;0,000;0,000;0,000;0,000;1,000
50;j605_10.sm;0;0;81;4;0;81;3;71000;81;4;0;68;329;60;1,450;0,236;0,169;0,386;0,013;0,767;0,284;4;0,504;2,017;0,197;0,316;0;0,000;0,000;0,000;0,000;1,000
51;j606_1.sm;0;0;60;CPM;0;60;1;217;60;1;217;60;331;60;1,450;0,231;0,136;0,338;0,016;0,767;0,130;4;0,504;2,017;0,511;0,215;0;0,000;0,000;0,000;0,000;1,000
52;j606_2.sm;0;0;67;1;537;67;1;537;67;1;537;66;346;60;1,450;0,259;0,169;0,298;0,012;0,744;0,259;4;0,504;2,017;0,514;0,221;0;0,000;0,000;0,000;0,000;1,000
53;j606_3.sm;0;0;72;CPM;0;72;1;395;72;1;395;72;336;60;1,450;0,273;0,186;0,364;0,009;0,737;0,273;4;0,504;2,017;0,505;0,237;0;0,000;0,000;0,000;0,000;1,000
54;j606_4.sm;0;0;67;CPM;0;67;1;1;67;1;1;67;342;60;1,450;0,254;0,169;0,388;0,019;0,767;0,265;4;0,504;2,017;0,509;0,210;0;0,000;0,000;0,000;0,000;1,000
55;j606_5.sm;0;0;78;CPM;0;78;1;1;78;1;1;78;383;60;1,450;0,273;0,186;0,295;0,007;0,670;0,248;4;0,504;2,017;0,511;0,197;0;0,000;0,000;0,000;0,000;1,000
56;j606_6.sm;0;0;55;6;3180;55;6;3180;55;6;3180;53;337;60;1,450;0,228;0,169;0,465;0,007;0,744;0,365;4;0,504;2,017;0,500;0,209;0;0,000;0,000;0,000;0,000;1,000
57;j606_7.sm;0;0;61;2;8;61;1;60679;61;6;270;60;316;60;1,450;0,239;0,153;0,356;0,012;0,771;0,224;4;0,504;2,017;0,500;0,215;0;0,000;0,000;0,000;0,000;1,000
58;j606_8.sm;0;0;72;CPM;0;72;1;1;72;1;1;72;345;60;1,450;0,247;0,153;0,378;0,017;0,783;0,196;4;0,504;2,017;0,504;0,232;0;0,000;0,000;0,000;0,000;1,000
59;j606_9.sm;0;0;64;CPM;0;64;1;4;64;1;4;64;321;60;1,450;0,231;0,169;0,343;0,009;0,730;0,280;4;0,504;2,017;0,513;0,196;0;0,000;0,000;0,000;0,000;1,000
60;j606_10.sm;0;0;74;CPM;0;74;1;0;74;1;0;74;310;60;1,450;0,251;0,169;0,320;0,006;0,722;0,229;4;0,504;2,017;0,507;0,232;0;0,000;0,000;0,000;0,000;1,000
61;j607_1.sm;0;0;77;CPM;0;77;1;0;77;1;0;77;336;60;1,450;0,319;0,220;0,441;0,023;0,736;0,365;4;0,504;2,017;0,703;0,169;0;0,000;0,000;0,000;0,000;1,000
62;j607_2.sm;0;0;85;CPM;0;85;1;0;85;1;0;85;315;60;1,450;0,251;0,203;0,422;0,006;0,709;0,372;4;0,504;2,017;0,717;0,211;0;0,000;0,000;0,000;0,000;1,000
63;j607_3.sm;0;0;62;CPM;0;62;1;0;62;1;0;62;326;60;1,450;0,233;0,169;0,431;0,013;0,774;0,333;4;0,504;2,017;0,706;0,165;0;0,000;0,000;0,000;0,000;1,000
64;j607_4.sm;0;0;63;CPM;0;63;1;1;63;1;1;63;362;60;1,450;0,254;0,169;0,443;0,013;0,815;0,263;4;0,504;2,017;0,703;0,153;0;0,000;0,000;0,000;0,000;1,000
65;j607_5.sm;0;0;71;CPM;0;71;1;0;71;1;0;71;292;60;1,450;0,356;0,220;0,301;0,004;0,647;0,303;4;0,504;2,017;0,692;0,208;0;0,000;0,000;0,000;0,000;1,000
66;j607_6.sm;0;0;65;CPM;0;65;1;0;65;1;0;65;298;60;1,450;0,259;0,203;0,385;0,007;0,742;0,387;4;0,504;2,017;0,707;0,195;0;0,000;0,000;0,000;0,000;1,000
67;j607_7.sm;0;0;89;CPM;0;89;1;0;89;1;0;89;378;60;1,450;0,263;0,203;0,445;0,009;0,764;0,372;4;0,504;2,017;0,702;0,162;0;0,000;0,000;0,000;0,000;1,000
68;j607_8.sm;0;0;66;CPM;0;66;1;0;66;1;0;66;310;60;1,450;0,291;0,186;0,318;0,006;0,747;0,250;4;0,504;2,017;0,697;0,161;0;0,000;0,000;0,000;0,000;1,000
69;j607_9.sm;0;0;44;CPM;0;44;1;1;44;1;1;44;297;60;1,450;0,227;0,169;0,353;0,003;0,733;0,324;4;0,504;2,017;0,710;0,161;0;0,000;0,000;0,000;0,000;1,000
70;j607_10.sm;0;0;82;CPM;0;82;1;1;82;1;1;82;330;60;1,450;0,274;0,186;0,341;0,019;0,707;0,313;4;0,504;2,017;0,695;0,172;0;0,000;0,000;0,000;0,000;1,000
71;j608_1.sm;0;0;64;CPM;0;64;1;0;64;1;0;64;326;60;1,450;0,277;0,186;0,341;0,010;0,703;0,277;4;0,504;2,017;1,000;0,129;0;0,000;0,000;0,000;0,000;1,000
72;j608_2.sm;0;0;61;CPM;0;61;1;0;61;1;0;61;370;60;1,450;0,228;0,153;0,400;0,014;0,762;0,267;4;0,504;2,017;1,000;0,132;0;0,000;0,000;0,000;0,000;1,000
73;j608_3.sm;0;0;79;CPM;0;79;1;0;79;1;0;79;315;60;1,450;0,250;0,186;0,295;0,015;0,750;0,345;4;0,504;2,017;1,000;0,179;0;0,000;0,000;0,000;0,000;1,000
74;j608_4.sm;0;0;64;CPM;0;64;1;0;64;1;0;64;350;60;1,450;0,279;0,186;0,295;0,014;0,733;0,278;4;0,504;2,017;1,000;0,132;0;0,000;0,000;0,000;0,000;1,000
75;j608_5.sm;0;0;83;CPM;0;83;1;0;83;1;0;83;345;60;1,450;0,237;0,220;0,411;0,021;0,753;0,498;4;0,504;2,017;1,000;0,152;0;0,000;0,000;0,000;0,000;1,000
76;j608_6.sm;0;0;56;CPM;0;56;1;0;56;1;0;56;337;60;1,450;0,231;0,169;0,331;0,006;0,726;0,310;4;0,504;2,017;1,000;0,129;0;0,000;0,000;0,000;0,000;1,000
77;j608_7.sm;0;0;62;CPM;0;62;1;0;62;1;0;62;352;60;1,450;0,237;0,153;0,356;0,013;0,758;0,204;4;0,504;2,017;1,000;0,134;0;0,000;0,000;0,000;0,000;1,000
78;j608_8.sm;0;0;66;CPM;0;66;1;0;66;1;0;66;313;60;1,450;0,263;0,169;0,398;0,022;0,774;0,267;4;0,504;2,017;1,000;0,140;0;0,000;0,000;0,000;0,000;1,000
79;j608_9.sm;0;0;58;CPM;0;58;1;0;58;1;0;58;312;60;1,450;0,223;0,169;0,431;0,007;0,756;0,331;4;0,504;2,017;1,000;0,125;0;0,000;0,000;0,000;0,000;1,000
80;j608_10.sm;0;0;97;CPM;0;97;1;1;97;1;1;97;373;60;1,450;0,298;0,220;0,281;0,000;0,708;0,281;4;0,504;2,017;1,000;0,142;0;0,000;0,000;0,000;0,000;1,000
81;j609_1.sm;0;0;84;5;0;87;3;9000;0;0;0;59;305;60;1,450;0,229;0,119;0,253;0,021;0,772;0,074;4;0,754;3,017;0,199;0,274;0;0,000;0,000;0,000;0,000;1,000
82;j609_2.sm;0;0;82;4;0;82;3;7000;82;4;0;71;284;60;1,450;0,283;0,220;0,435;0,006;0,764;0,408;4;0,754;3,017;0,209;0,309;0;0,000;0,000;0,000;0,000;1,000
83;j609_3.sm;0;0;100;8;935000;100;8;935000;100;8;935000;65;305;60;1,450;0,251;0,186;0,295;0,003;0,723;0,286;4;0,754;3,017;0,187;0,340;0;0,000;0,000;0,000;0,000;1,000
84;j609_4.sm;0;0;87;4;0;87;3;73000;87;4;0;65;311;60;1,450;0,256;0,169;0,331;0,003;0,696;0,231;4;0,754;3,017;0,199;0,273;0;0,000;0,000;0,000;0,000;1,000
85;j609_5.sm;0;0;82;8;0;85;3;9000;0;0;0;52;308;60;1,450;0,266;0,186;0,386;0,009;0,720;0,371;4;0,754;3,017;0,201;0,305;0;0,000;0,000;0,000;0,000;1,000
86;j609_6.sm;0;0;105;4;0;111;3;9000;0;0;0;90;390;60;1,450;0,272;0,186;0,341;0,006;0,723;0,313;4;0,754;3,017;0,200;0,287;0;0,000;0,000;0,000;0,000;1,000
87;j609_7.sm;0;0;103;6;3600020;109;3;9000;0;0;0;74;351;60;1,450;0,238;0,169;0,408;0,011;0,741;0,337;4;0,754;3,017;0,196;0,303;0;0,000;0,000;0,000;0,000;1,000
88;j609_8.sm;0;0;96;8;2882000;96;3;9000;96;8;2882000;65;341;60;1,450;0,261;0,169;0,286;0,003;0,726;0,253;4;0,754;3,017;0,202;0,290;0;0,000;0,000;0,000;0,000;1,000
89;j609_9.sm;0;0;99;8;1093000;99;3;9000;99;8;1093000;80;355;60;1,450;0,280;0,203;0,450;0,003;0,621;0,349;4;0,754;3,017;0,206;0,274;0;0,000;0,000;0,000;0,000;1,000
90;j609_10.sm;0;0;93;8;14280000;93;3;72000;93;8;14280000;65;322;60;1,450;0,246;0,169;0,353;0,009;0,704;0,257;4;0,754;3,017;0,201;0,298;0;0,000;0,000;0,000;0,000;1,000
91;j6010_1.sm;0;0;85;CPM;0;85;1;1;85;1;1;85;323;60;1,450;0,241;0,186;0,500;0,010;0,740;0,384;4;0,754;3,017;0,507;0,221;0;0,000;0,000;0,000;0,000;1,000
92;j6010_2.sm;0;0;62;CPM;0;62;1;1;62;1;1;62;353;60;1,450;0,238;0,153;0,400;0,021;0,813;0,242;4;0,754;3,017;0,502;0,141;0;0,000;0,000;0,000;0,000;1,000
93;j6010_3.sm;0;0;72;CPM;0;72;1;2;72;1;2;72;353;60;1,450;0,255;0,186;0,386;0,003;0,750;0,318;4;0,754;3,017;0,505;0,183;0;0,000;0,000;0,000;0,000;1,000
94;j6010_4.sm;0;0;80;CPM;0;80;1;1;80;1;1;80;330;60;1,450;0,244;0,220;0,428;0,007;0,681;0,452;4;0,754;3,017;0,512;0,195;0;0,000;0,000;0,000;0,000;1,000
95;j6010_5.sm;0;0;79;CPM;0;79;1;0;79;1;0;79;377;60;1,450;0,271;0,186;0,386;0,006;0,723;0,275;4;0,754;3,017;0,506;0,171;0;0,000;0,000;0,000;0,000;1,000
96;j6010_6.sm;0;0;67;CPM;0;67;1;2;67;1;2;67;322;60;1,450;0,301;0,169;0,308;0,015;0,774;0,163;4;0,754;3,017;0,506;0,175;0;0,000;0,000;0,000;0,000;1,000
97;j6010_7.sm;0;0;69;CPM;0;69;6;2760;69;6;2760;69;346;60;1,450;0,252;0,169;0,398;0,013;0,774;0,314;4;0,754;3,017;0,506;0,169;0;0,000;0,000;0,000;0,000;1,000
98;j6010_8.sm;0;0;65;1;6943;65;1;6943;65;1;6943;64;303;60;1,450;0,249;0,169;0,298;0,009;0,711;0,245;4;0,754;3,017;0,512;0,188;0;0,000;0,000;0,000;0,000;1,000
99;j6010_9.sm;0;0;73;CPM;0;73;6;210;73;6;210;73;358;60;1,450;0,275;0,203;0,362;0,007;0,745;0,328;4;0,754;3,017;0,502;0,166;0;0,000;0,000;0,000;0,000;1,000
100;j6010_10.sm;0;0;73;CPM;0;73;1;0;73;1;0;73;319;60;1,450;0,244;0,169;0,386;0,011;0,793;0,276;4;0,754;3,017;0,507;0,164;0;0,000;0,000;0,000;0,000;1,000
101;j6011_1.sm;0;0;71;CPM;0;71;1;1;71;1;1;71;366;60;1,450;0,247;0,136;0,272;0,018;0,724;0,137;4;0,754;3,017;0,698;0,139;0;0,000;0,000;0,000;0,000;1,000
102;j6011_2.sm;0;0;61;CPM;0;61;1;0;61;1;0;61;321;60;1,450;0,259;0,169;0,320;0,015;0,756;0,255;4;0,754;3,017;0,694;0,136;0;0,000;0,000;0,000;0,000;1,000
103;j6011_3.sm;0;0;76;CPM;0;76;1;0;76;1;0;76;344;60;1,450;0,274;0,186;0,318;0,007;0,700;0,292;4;0,754;3,017;0,700;0,145;0;0,000;0,000;0,000;0,000;1,000
104;j6011_4.sm;0;0;69;CPM;0;69;1;0;69;1;0;69;329;60;1,450;0,288;0,220;0,452;0,010;0,744;0,353;4;0,754;3,017;0,707;0,151;0;0,000;0,000;0,000;0,000;1,000
105;j6011_5.sm;0;0;65;CPM;0;65;1;0;65;1;0;65;351;60;1,450;0,234;0,153;0,311;0,013;0,742;0,256;4;0,754;3,017;0,695;0,134;0;0,000;0,000;0,000;0,000;1,000
106;j6011_6.sm;0;0;70;CPM;0;70;1;1;70;1;1;70;331;60;1,450;0,255;0,169;0,341;0,011;0,733;0,233;4;0,754;3,017;0,699;0,140;0;0,000;0,000;0,000;0,000;1,000
107;j6011_7.sm;0;0;70;CPM;0;70;1;1;70;1;1;70;353;60;1,450;0,245;0,153;0,244;0,009;0,717;0,193;4;0,754;3,017;0,700;0,146;0;0,000;0,000;0,000;0,000;1,000
108;j6011_8.sm;0;0;69;CPM;0;69;1;0;69;1;0;69;358;60;1,450;0,247;0,169;0,353;0,009;0,641;0,253;4;0,754;3,017;0,704;0,123;0;0,000;0,000;0,000;0,000;1,000
109;j6011_9.sm;0;0;62;CPM;0;62;1;0;62;1;0;62;323;60;1,450;0,242;0,169;0,443;0,007;0,752;0,298;4;0,754;3,017;0,702;0,122;0;0,000;0,000;0,000;0,000;1,000
110;j6011_10.sm;0;0;58;CPM;0;58;1;0;58;1;0;58;307;60;1,450;0,222;0,119;0,253;0,023;0,756;0,082;4;0,754;3,017;0,695;0,127;0;0,000;0,000;0,000;0,000;1,000
111;j6012_1.sm;0;0;59;CPM;0;59;1;0;59;1;0;59;331;60;1,450;0,234;0,153;0,400;0,007;0,750;0,253;4;0,754;3,017;1,000;0,071;0;0,000;0,000;0,000;0,000;1,000
112;j6012_2.sm;0;0;58;CPM;0;58;1;0;58;1;0;58;287;60;1,450;0,225;0,153;0,444;0,013;0,804;0,218;4;0,754;3,017;1,000;0,109;0;0,000;0,000;0,000;0,000;1,000
113;j6012_3.sm;0;0;75;CPM;0;75;1;0;75;1;0;75;345;60;1,450;0,271;0,186;0,386;0,006;0,773;0,288;4;0,754;3,017;1,000;0,121;0;0,000;0,000;0,000;0,000;1,000
114;j6012_4.sm;0;0;69;CPM;0;69;1;0;69;1;0;69;342;60;1,450;0,262;0,186;0,364;0,009;0,767;0,362;4;0,754;3,017;1,000;0,085;0;0,000;0,000;0,000;0,000;1,000
115;j6012_5.sm;0;0;63;CPM;0;63;1;1;63;1;1;63;327;60;1,450;0,224;0,153;0,289;0,014;0,717;0,200;4;0,754;3,017;1,000;0,106;0;0,000;0,000;0,000;0,000;1,000
116;j6012_6.sm;0;0;54;CPM;0;54;1;0;54;1;0;54;329;60;1,450;0,221;0,136;0,360;0,018;0,824;0,203;4;0,754;3,017;1,000;0,092;0;0,000;0,000;0,000;0,000;1,000
117;j6012_7.sm;0;0;71;CPM;0;71;1;0;71;1;0;71;349;60;1,450;0,276;0,186;0,295;0,000;0,683;0,261;4;0,754;3,017;1,000;0,093;0;0,000;0,000;0,000;0,000;1,000
118;j6012_8.sm;0;0;60;CPM;0;60;1;0;60;1;0;60;302;60;1,450;0,278;0,186;0,386;0,006;0,717;0,277;4;0,754;3,017;1,000;0,102;0;0,000;0,000;0,000;0,000;1,000
119;j6012_9.sm;0;0;59;CPM;0;59;1;1;59;1;1;59;339;60;1,450;0,253;0,169;0,420;0,016;0,763;0,271;4;0,754;3,017;1,000;0,099;0;0,000;0,000;0,000;0,000;1,000
120;j6012_10.sm;0;0;79;CPM;0;79;1;1;79;1;1;79;342;60;1,450;0,290;0,220;0,381;0,007;0,725;0,398;4;0,754;3,017;1,000;0,107;0;0,000;0,000;0,000;0,000;1,000
121;j6013_1.sm;0;0;105;6;3600020;112;3;9000;0;0;0;69;340;60;1,450;0,248;0,169;0,408;0,005;0,730;0,320;4;1,000;4,000;0,201;0,271;0;0,000;0,000;0,000;0,000;1,000
122;j6013_2.sm;0;0;103;6;3600020;106;8;0;0;0;0;66;312;60;1,450;0,235;0,186;0,432;0,008;0,773;0,388;4;1,000;4,000;0,200;0,269;0;0,000;0,000;0,000;0,000;1,000
123;j6013_3.sm;0;0;84;6;3600010;88;3;9000;0;0;0;57;331;60;1,450;0,228;0,169;0,398;0,011;0,785;0,320;4;1,000;4,000;0,199;0,223;0;0,000;0,000;0,000;0,000;1,000
124;j6013_4.sm;0;0;98;6;3600020;103;3;94000;0;0;0;62;360;60;1,450;0,234;0,153;0,289;0,008;0,683;0,218;4;1,000;4,000;0,199;0,233;0;0,000;0,000;0,000;0,000;1,000
125;j6013_5.sm;0;0;93;8;0;97;8;0;0;0;0;53;330;60;1,450;0,217;0,153;0,400;0,014;0,813;0,284;4;1,000;4,000;0,198;0,250;0;0,000;0,000;0,000;0,000;1,000
126;j6013_6.sm;0;0;91;5;0;94;3;9000;0;0;0;61;324;60;1,450;0,222;0,153;0,400;0,012;0,783;0,280;4;1,000;4,000;0,196;0,244;0;0,000;0,000;0,000;0,000;1,000
127;j6013_7.sm;0;0;83;6;3600010;87;3;9000;0;0;0;54;319;60;1,450;0,227;0,153;0,378;0,020;0,796;0,244;4;1,000;4,000;0,201;0,235;0;0,000;0,000;0,000;0,000;1,000
128;j6013_8.sm;0;0;116;6;3600010;120;3;93000;0;0;0;69;344;60;1,450;0,260;0,186;0,318;0,003;0,703;0,330;4;1,000;4,000;0,200;0,281;0;0,000;0,000;0,000;0,000;1,000
129;j6013_9.sm;0;0;95;6;3600010;102;3;9000;0;0;0;67;349;60;1,450;0,270;0,203;0,385;0,014;0,739;0,358;4;1,000;4,000;0,204;0,242;0;0,000;0,000;0,000;0,000;1,000
130;j6013_10.sm;0;0;112;6;3600050;117;3;9000;0;0;0;63;354;60;1,450;0,253;0,169;0,276;0,022;0,763;0,253;4;1,000;4,000;0,201;0,271;0;0,000;0,000;0,000;0,000;1,000
131;j6014_1.sm;0;0;61;4;0;61;1;60310;61;4;0;59;332;60;1,450;0,253;0,169;0,408;0,016;0,767;0,290;4;1,000;4,000;0,506;0,134;0;0,000;0,000;0,000;0,000;1,000
132;j6014_2.sm;0;0;65;CPM;0;65;1;0;65;1;0;65;335;60;1,450;0,259;0,169;0,253;0,017;0,663;0,212;4;1,000;4,000;0,506;0,139;0;0,000;0,000;0,000;0,000;1,000
133;j6014_3.sm;0;0;61;CPM;0;61;3;7000;0;0;0;61;315;60;1,450;0,281;0,186;0,364;0,020;0,767;0,284;4;1,000;4,000;0,505;0,149;0;0,000;0,000;0,000;0,000;1,000
134;j6014_4.sm;0;0;65;CPM;0;65;6;12750;65;6;12750;65;336;60;1,450;0,279;0,203;0,422;0,010;0,770;0,351;4;1,000;4,000;0,500;0,152;0;0,000;0,000;0,000;0,000;1,000
135;j6014_5.sm;0;0;59;CPM;0;59;1;116;59;1;116;59;312;60;1,450;0,246;0,186;0,386;0,009;0,707;0,400;4;1,000;4,000;0,506;0,141;0;0,000;0,000;0,000;0,000;1,000
136;j6014_6.sm;0;0;65;CPM;0;65;1;0;65;1;0;65;314;60;1,450;0,265;0,153;0,289;0,020;0,762;0,184;4;1,000;4,000;0,504;0,146;0;0,000;0,000;0,000;0,000;1,000
137;j6014_7.sm;0;0;69;CPM;0;69;1;1;69;1;1;69;315;60;1,450;0,275;0,169;0,353;0,012;0,733;0,263;4;1,000;4,000;0,508;0,158;0;0,000;0,000;0,000;0,000;1,000
138;j6014_8.sm;0;0;88;CPM;0;88;1;0;88;1;0;88;287;60;1,450;0,282;0,271;0,401;0,010;0,716;0,499;4;1,000;4,000;0,509;0,175;0;0,000;0,000;0,000;0,000;1,000
139;j6014_9.sm;0;0;61;CPM;0;61;1;0;61;1;0;61;308;60;1,450;0,210;0,153;0,356;0,005;0,713;0,284;4;1,000;4,000;0,500;0,140;0;0,000;0,000;0,000;0,000;1,000
140;j6014_10.sm;0;0;72;4;0;72;3;7000;72;4;0;67;371;60;1,450;0,302;0,186;0,295;0,007;0,777;0,233;4;1,000;4,000;0,508;0,155;0;0,000;0,000;0,000;0,000;1,000
141;j6015_1.sm;0;0;84;CPM;0;84;1;0;84;1;0;84;334;60;1,450;0,295;0,203;0,353;0,014;0,685;0,337;4;1,000;4,000;0,705;0,118;0;0,000;0,000;0,000;0,000;1,000
142;j6015_2.sm;0;0;89;CPM;0;89;1;0;89;1;0;89;339;60;1,450;0,269;0,186;0,295;0,007;0,683;0,256;4;1,000;4,000;0,703;0,145;0;0,000;0,000;0,000;0,000;1,000
143;j6015_3.sm;0;0;72;CPM;0;72;1;1;72;1;1;72;341;60;1,450;0,225;0,186;0,500;0,012;0,760;0,422;4;1,000;4,000;0,702;0,101;0;0,000;0,000;0,000;0,000;1,000
144;j6015_4.sm;0;0;75;CPM;0;75;1;0;75;1;0;75;373;60;1,450;0,279;0,186;0,386;0,006;0,750;0,278;4;1,000;4,000;0,706;0,113;0;0,000;0,000;0,000;0,000;1,000
145;j6015_5.sm;0;0;70;CPM;0;70;1;0;70;1;0;70;342;60;1,450;0,264;0,169;0,320;0,003;0,715;0,261;4;1,000;4,000;0,700;0,123;0;0,000;0,000;0,000;0,000;1,000
146;j6015_6.sm;0;0;76;CPM;0;76;1;0;76;1;0;76;333;60;1,450;0,245;0,186;0,386;0,012;0,730;0,337;4;1,000;4,000;0,702;0,127;0;0,000;0,000;0,000;0,000;1,000
147;j6015_7.sm;0;0;64;CPM;0;64;1;0;64;1;0;64;333;60;1,450;0,223;0,136;0,294;0,013;0,743;0,157;4;1,000;4,000;0,701;0,105;0;0,000;0,000;0,000;0,000;1,000
148;j6015_8.sm;0;0;79;CPM;0;79;1;0;79;1;0;79;361;60;1,450;0,260;0,220;0,381;0,011;0,703;0,406;4;1,000;4,000;0,699;0,117;0;0,000;0,000;0,000;0,000;1,000
149;j6015_9.sm;0;0;72;CPM;0;72;1;0;72;1;0;72;378;60;1,450;0,244;0,169;0,341;0,014;0,715;0,263;4;1,000;4,000;0,699;0,085;0;0,000;0,000;0,000;0,000;1,000
150;j6015_10.sm;0;0;61;CPM;0;61;1;1;61;1;1;61;300;60;1,450;0,253;0,153;0,311;0,005;0,754;0,198;4;1,000;4,000;0,703;0,107;0;0,000;0,000;0,000;0,000;1,000
151;j6016_1.sm;0;0;64;CPM;0;64;1;0;64;1;0;64;365;60;1,450;0,263;0,169;0,343;0,017;0,785;0,233;4;1,000;4,000;1,000;0,081;0;0,000;0,000;0,000;0,000;1,000
152;j6016_2.sm;0;0;64;CPM;0;64;1;0;64;1;0;64;335;60;1,450;0,273;0,169;0,363;0,017;0,796;0,251;4;1,000;4,000;1,000;0,068;0;0,000;0,000;0,000;0,000;1,000
153;j6016_3.sm;0;0;53;CPM;0;53;1;0;53;1;0;53;308;60;1,450;0,287;0,220;0,428;0,000;0,719;0,383;4;1,000;4,000;1,000;0,077;0;0,000;0,000;0,000;0,000;1,000
154;j6016_4.sm;0;0;60;CPM;0;60;1;0;60;1;0;60;312;60;1,450;0,267;0,203;0,353;0,015;0,755;0,324;4;1,000;4,000;1,000;0,081;0;0,000;0,000;0,000;0,000;1,000
155;j6016_5.sm;0;0;66;CPM;0;66;1;0;66;1;0;66;329;60;1,450;0,264;0,169;0,408;0,013;0,778;0,249;4;1,000;4,000;1,000;0,078;0;0,000;0,000;0,000;0,000;1,000
156;j6016_6.sm;0;0;66;CPM;0;66;1;0;66;1;0;66;361;60;1,450;0,276;0,153;0,333;0,010;0,754;0,196;4;1,000;4,000;1,000;0,086;0;0,000;0,000;0,000;0,000;1,000
157;j6016_7.sm;0;0;82;CPM;0;82;1;1;82;1;1;82;297;60;1,450;0,291;0,220;0,398;0,015;0,767;0,334;4;1,000;4,000;1,000;0,126;0;0,000;0,000;0,000;0,000;1,000
158;j6016_8.sm;0;0;68;CPM;0;68;1;0;68;1;0;68;340;60;1,450;0,264;0,203;0,482;0,014;0,803;0,342;4;1,000;4,000;1,000;0,084;0;0,000;0,000;0,000;0,000;1,000
159;j6016_9.sm;0;0;54;CPM;0;54;1;0;54;1;0;54;321;60;1,450;0,244;0,169;0,331;0,003;0,756;0,320;4;1,000;4,000;1,000;0,077;0;0,000;0,000;0,000;0,000;1,000
160;j6016_10.sm;0;0;68;CPM;0;68;1;0;68;1;0;68;356;60;1,450;0,258;0,169;0,353;0,006;0,763;0,280;4;1,000;4,000;1,000;0,087;0;0,000;0,000;0,000;0,000;1,000
161;j6017_1.sm;0;0;86;1;185;86;1;185;86;1;185;76;313;60;1,767;0,370;0,186;0,295;0,024;0,765;0,195;4;0,250;1,000;0,141;0,467;0;0,000;0,000;0,000;0,000;1,000
162;j6017_2.sm;0;0;69;1;48;69;1;48;69;1;48;67;305;60;1,767;0,349;0,169;0,398;0,024;0,805;0,222;4;0,250;1,000;0,160;0,443;0;0,000;0,000;0,000;0,000;1,000
163;j6017_3.sm;0;0;89;1;354;89;1;354;89;1;354;79;363;60;1,767;0,333;0,186;0,341;0,012;0,782;0,263;4;0,250;1,000;0,183;0,449;0;0,000;0,000;0,000;0,000;1,000
164;j6017_4.sm;0;0;71;1;5;71;1;5;71;1;5;69;305;60;1,767;0,392;0,186;0,341;0,021;0,814;0,186;4;0,250;1,000;0,201;0,434;0;0,000;0,000;0,000;0,000;1,000
165;j6017_5.sm;0;0;59;1;61;59;1;61;59;1;61;52;275;60;1,767;0,353;0,203;0,330;0,018;0,772;0,326;4;0,250;1,000;0,198;0,403;0;0,000;0,000;0,000;0,000;1,000
166;j6017_6.sm;0;0;69;1;26;69;1;26;69;1;26;67;297;60;1,767;0,367;0,169;0,276;0,029;0,753;0,186;4;0,250;1,000;0,150;0,440;0;0,000;0,000;0,000;0,000;1,000
167;j6017_7.sm;0;0;83;1;3;83;1;3;83;1;3;81;357;60;1,767;0,323;0,169;0,286;0,036;0,766;0,161;4;0,250;1,000;0,205;0,463;0;0,000;0,000;0,000;0,000;1,000
168;j6017_8.sm;0;0;85;1;53773;85;1;53773;85;1;53773;66;330;60;1,767;0,320;0,186;0,295;0,010;0,753;0,271;4;0,250;1,000;0,153;0,471;0;0,000;0,000;0,000;0,000;1,000
169;j6017_9.sm;0;0;76;1;46;76;1;46;76;1;46;70;322;60;1,767;0,386;0,186;0,273;0,021;0,763;0,210;4;0,250;1,000;0,202;0,491;0;0,000;0,000;0,000;0,000;1,000
170;j6017_10.sm;0;0;72;1;39;72;1;39;72;1;39;65;364;60;1,767;0,347;0,186;0,295;0,010;0,743;0,237;4;0,250;1,000;0,205;0,426;0;0,000;0,000;0,000;0,000;1,000
171;j6018_1.sm;0;0;81;1;2;81;1;2;81;1;2;80;332;60;1,767;0,368;0,169;0,263;0,013;0,737;0,204;4;0,250;1,000;0,534;0,340;0;0,000;0,000;0,000;0,000;1,000
172;j6018_2.sm;0;0;69;CPM;0;69;1;0;69;1;0;69;344;60;1,767;0,331;0,169;0,363;0,022;0,812;0,212;4;0,250;1,000;0,525;0,341;0;0,000;0,000;0,000;0,000;1,000
173;j6018_3.sm;0;0;77;CPM;0;77;1;0;77;1;0;77;320;60;1,767;0,359;0,186;0,227;0,022;0,759;0,216;4;0,250;1,000;0,525;0,360;0;0,000;0,000;0,000;0,000;1,000
174;j6018_4.sm;0;0;71;CPM;0;71;1;1;71;1;1;71;378;60;1,767;0,324;0,153;0,289;0,022;0,737;0,138;4;0,250;1,000;0,533;0,341;0;0,000;0,000;0,000;0,000;1,000
175;j6018_5.sm;0;0;80;CPM;0;80;1;0;80;1;0;80;321;60;1,767;0,358;0,186;0,341;0,026;0,806;0,225;4;0,250;1,000;0,514;0,319;0;0,000;0,000;0,000;0,000;1,000
176;j6018_6.sm;0;0;61;CPM;0;61;1;0;61;1;0;61;320;60;1,767;0,382;0,169;0,353;0,039;0,846;0,192;4;0,250;1,000;0,527;0,298;0;0,000;0,000;0,000;0,000;1,000
177;j6018_7.sm;0;0;93;1;14;93;1;14;93;1;14;87;316;60;1,767;0,410;0,186;0,227;0,026;0,792;0,167;4;0,250;1,000;0,500;0,365;0;0,000;0,000;0,000;0,000;1,000
178;j6018_8.sm;0;0;78;CPM;0;78;1;0;78;1;0;78;333;60;1,767;0,364;0,203;0,367;0,011;0,742;0,309;4;0,250;1,000;0,552;0,347;0;0,000;0,000;0,000;0,000;1,000
179;j6018_9.sm;0;0;69;CPM;0;69;1;0;69;1;0;69;330;60;1,767;0,385;0,186;0,341;0,028;0,796;0,172;4;0,250;1,000;0,518;0,328;0;0,000;0,000;0,000;0,000;1,000
180;j6018_10.sm;0;0;97;CPM;0;97;1;0;97;1;0;97;383;60;1,767;0,392;0,203;0,321;0,023;0,774;0,239;4;0,250;1,000;0,500;0,331;0;0,000;0,000;0,000;0,000;1,000
181;j6019_1.sm;0;0;62;CPM;0;62;1;0;62;1;0;62;336;60;1,767;0,320;0,169;0,343;0,014;0,789;0,231;4;0,250;1,000;0,716;0,252;0;0,000;0,000;0,000;0,000;1,000
182;j6019_2.sm;0;0;83;CPM;0;83;1;0;83;1;0;83;376;60;1,767;0,373;0,186;0,205;0,019;0,747;0,206;4;0,250;1,000;0,712;0,313;0;0,000;0,000;0,000;0,000;1,000
183;j6019_3.sm;0;0;83;1;0;83;1;0;83;1;0;81;350;60;1,767;0,337;0,186;0,227;0,030;0,729;0,246;4;0,250;1,000;0,721;0,297;0;0,000;0,000;0,000;0,000;1,000
184;j6019_4.sm;0;0;67;CPM;0;67;1;0;67;1;0;67;318;60;1,767;0,323;0,186;0,364;0,028;0,790;0,294;4;0,250;1,000;0,706;0,262;0;0,000;0,000;0,000;0,000;1,000
185;j6019_5.sm;0;0;73;CPM;0;73;1;0;73;1;0;73;329;60;1,767;0,368;0,169;0,263;0,023;0,766;0,147;4;0,250;1,000;0,712;0,323;0;0,000;0,000;0,000;0,000;1,000
186;j6019_6.sm;0;0;69;1;0;69;1;0;69;1;0;68;342;60;1,767;0,369;0,186;0,227;0,026;0,769;0,170;4;0,250;1,000;0,712;0,279;0;0,000;0,000;0,000;0,000;1,000
187;j6019_7.sm;0;0;60;CPM;0;60;1;0;60;1;0;60;315;60;1,767;0,331;0,203;0,362;0,025;0,763;0,353;4;0,250;1,000;0,712;0,280;0;0,000;0,000;0,000;0,000;1,000
188;j6019_8.sm;0;0;87;1;0;87;1;0;87;1;0;82;331;60;1,767;0,389;0,237;0,310;0,031;0,716;0,341;4;0,250;1,000;0,732;0,291;0;0,000;0,000;0,000;0,000;1,000
189;j6019_9.sm;0;0;69;1;0;69;1;0;69;1;0;67;354;60;1,767;0,378;0,186;0,318;0,043;0,812;0,191;4;0,250;1,000;0,722;0,240;0;0,000;0,000;0,000;0,000;1,000
190;j6019_10.sm;0;0;78;CPM;0;78;1;0;78;1;0;78;336;60;1,767;0,386;0,203;0,241;0,024;0,763;0,236;4;0,250;1,000;0,735;0,281;0;0,000;0,000;0,000;0,000;1,000
191;j6020_1.sm;0;0;60;CPM;0;60;1;0;60;1;0;60;342;60;1,767;0,354;0,186;0,341;0,022;0,804;0,252;4;0,250;1,000;1,000;0,216;0;0,000;0,000;0,000;0,000;1,000
192;j6020_2.sm;0;0;78;CPM;0;78;1;0;78;1;0;78;288;60;1,767;0,399;0,237;0,310;0,004;0,761;0,268;4;0,250;1,000;1,000;0,321;0;0,000;0,000;0,000;0,000;1,000
193;j6020_3.sm;0;0;69;CPM;0;69;1;0;69;1;0;69;348;60;1,767;0,365;0,169;0,253;0,017;0,766;0,192;4;0,250;1,000;1,000;0,210;0;0,000;0,000;0,000;0,000;1,000
194;j6020_4.sm;0;0;86;CPM;0;86;1;1;86;1;1;86;338;60;1,767;0,337;0,203;0,445;0,015;0,820;0,285;4;0,250;1,000;1,000;0,190;0;0,000;0,000;0,000;0,000;1,000
195;j6020_5.sm;0;0;71;CPM;0;71;1;0;71;1;0;71;343;60;1,767;0,337;0,169;0,331;0,032;0,821;0,227;4;0,250;1,000;1,000;0,236;0;0,000;0,000;0,000;0,000;1,000
196;j6020_6.sm;0;0;97;CPM;0;97;1;0;97;1;0;97;338;60;1,767;0,415;0,271;0,403;0,018;0,767;0,358;4;0,250;1,000;1,000;0,240;0;0,000;0,000;0,000;0,000;1,000
197;j6020_7.sm;0;0;74;CPM;0;74;1;0;74;1;0;74;328;60;1,767;0,364;0,203;0,330;0,015;0,764;0,309;4;0,250;1,000;1,000;0,206;0;0,000;0,000;0,000;0,000;1,000
198;j6020_8.sm;0;0;65;CPM;0;65;1;0;65;1;0;65;315;60;1,767;0,331;0,186;0,341;0,010;0,761;0,313;4;0,250;1,000;1,000;0,250;0;0,000;0,000;0,000;0,000;1,000
199;j6020_9.sm;0;0;74;CPM;0;74;1;0;74;1;0;74;362;60;1,767;0,381;0,203;0,270;0,023;0,788;0,234;4;0,250;1,000;1,000;0,266;0;0,000;0,000;0,000;0,000;1,000
200;j6020_10.sm;0;0;70;CPM;0;70;1;0;70;1;0;70;326;60;1,767;0,367;0,203;0,404;0,031;0,811;0,273;4;0,250;1,000;1,000;0,255;0;0,000;0,000;0,000;0,000;1,000
201;j6021_1.sm;0;0;103;1;1096;103;1;1096;103;1;1096;76;332;60;1,767;0,380;0,203;0,293;0,020;0,751;0,225;4;0,504;2,017;0,193;0,390;0;0,000;0,000;0,000;0,000;1,000
202;j6021_2.sm;0;0;108;6;12920;108;1;60200;108;6;12920;92;324;60;1,767;0,385;0,220;0,258;0,031;0,736;0,286;4;0,504;2,017;0,200;0,410;0;0,000;0,000;0,000;0,000;1,000
203;j6021_3.sm;0;0;87;6;38110;87;6;38110;87;6;38110;65;326;60;1,767;0,371;0,169;0,253;0,016;0,787;0,186;4;0,504;2,017;0,199;0,356;0;0,000;0,000;0,000;0,000;1,000
204;j6021_4.sm;0;0;95;6;227940;95;6;227940;95;6;227940;64;296;60;1,767;0,423;0,220;0,304;0,017;0,765;0,288;4;0,504;2,017;0,186;0,395;0;0,000;0,000;0,000;0,000;1,000
205;j6021_5.sm;0;0;89;6;189220;89;6;189220;89;6;189220;75;327;60;1,767;0,363;0,203;0,422;0,025;0,800;0,275;4;0,504;2,017;0,198;0,329;0;0,000;0,000;0,000;0,000;1,000
206;j6021_6.sm;0;0;84;6;9640;84;6;9640;84;6;9640;63;309;60;1,767;0,355;0,169;0,343;0,036;0,816;0,184;4;0,504;2,017;0,199;0,372;0;0,000;0,000;0,000;0,000;1,000
207;j6021_7.sm;0;0;103;1;3078;103;1;3078;103;1;3078;80;334;60;1,767;0,397;0,220;0,298;0,012;0,752;0,279;4;0,504;2,017;0,201;0,362;0;0,000;0,000;0,000;0,000;1,000
208;j6021_8.sm;0;0;110;1;27904;110;1;27904;110;1;27904;85;334;60;1,767;0,391;0,220;0,274;0,018;0,738;0,266;4;0,504;2,017;0,188;0,370;0;0,000;0,000;0,000;0,000;1,000
209;j6021_9.sm;0;0;89;4;0;89;3;7000;89;4;0;69;350;60;1,767;0,329;0,169;0,296;0,020;0,735;0,237;4;0,504;2,017;0,192;0,328;0;0,000;0,000;0,000;0,000;1,000
210;j6021_10.sm;0;0;80;6;25800;80;1;61938;80;6;25800;51;277;60;1,767;0,331;0,169;0,388;0,038;0,816;0,245;4;0,504;2,017;0,199;0,365;0;0,000;0,000;0,000;0,000;1,000
211;j6022_1.sm;0;0;64;1;15;64;1;15;64;1;15;62;305;60;1,767;0,372;0,169;0,186;0,018;0,760;0,145;4;0,504;2,017;0,504;0,224;0;0,000;0,000;0,000;0,000;1,000
212;j6022_2.sm;0;0;83;CPM;0;83;1;31;83;1;31;83;357;60;1,767;0,368;0,203;0,367;0,026;0,750;0,259;4;0,504;2,017;0,506;0,223;0;0,000;0,000;0,000;0,000;1,000
213;j6022_3.sm;0;0;70;CPM;0;70;1;1;70;1;1;70;323;60;1,767;0,362;0,220;0,334;0,009;0,730;0,323;4;0,504;2,017;0,516;0,259;0;0,000;0,000;0,000;0,000;1,000
214;j6022_4.sm;0;0;73;6;1780;73;6;1780;73;6;1780;64;359;60;1,767;0,381;0,186;0,341;0,031;0,786;0,170;4;0,504;2,017;0,508;0,242;0;0,000;0,000;0,000;0,000;1,000
215;j6022_5.sm;0;0;76;CPM;0;76;1;0;76;1;0;76;307;60;1,767;0,338;0,203;0,307;0,019;0,753;0,303;4;0,504;2,017;0,513;0,260;0;0,000;0,000;0,000;0,000;1,000
216;j6022_6.sm;0;0;79;CPM;0;79;1;0;79;1;0;79;351;60;1,767;0,356;0,186;0,205;0,016;0,718;0,265;4;0,504;2,017;0,513;0,230;0;0,000;0,000;0,000;0,000;1,000
217;j6022_7.sm;0;0;69;CPM;0;69;1;2;69;1;2;69;374;60;1,767;0,337;0,186;0,341;0,035;0,782;0,254;4;0,504;2,017;0,503;0,198;0;0,000;0,000;0,000;0,000;1,000
218;j6022_8.sm;0;0;59;CPM;0;59;1;1;59;1;1;59;326;60;1,767;0,336;0,169;0,320;0,021;0,757;0,186;4;0,504;2,017;0,503;0,227;0;0,000;0,000;0,000;0,000;1,000
219;j6022_9.sm;0;0;65;CPM;0;65;1;1;65;1;1;65;365;60;1,767;0,316;0,169;0,310;0,021;0,791;0,257;4;0,504;2,017;0,511;0,191;0;0,000;0,000;0,000;0,000;1,000
220;j6022_10.sm;0;0;70;1;689;70;1;689;70;1;689;69;326;60;1,767;0,337;0,169;0,318;0,021;0,773;0,216;4;0,504;2,017;0,513;0,252;0;0,000;0,000;0,000;0,000;1,000
221;j6023_1.sm;0;0;75;CPM;0;75;1;0;75;1;0;75;386;60;1,767;0,346;0,169;0,331;0,012;0,785;0,214;4;0,504;2,017;0,703;0,176;0;0,000;0,000;0,000;0,000;1,000
222;j6023_2.sm;0;0;69;CPM;0;69;1;0;69;1;0;69;355;60;1,767;0,353;0,186;0,386;0,015;0,806;0,254;4;0,504;2,017;0,705;0,166;0;0,000;0,000;0,000;0,000;1,000
223;j6023_3.sm;0;0;78;1;0;78;1;0;78;1;0;75;331;60;1,767;0,386;0,169;0,308;0,025;0,782;0,153;4;0,504;2,017;0,706;0,198;0;0,000;0,000;0,000;0,000;1,000
224;j6023_4.sm;0;0;83;CPM;0;83;1;0;83;1;0;83;334;60;1,767;0,357;0,220;0,217;0,019;0,662;0,293;4;0,504;2,017;0,699;0,212;0;0,000;0,000;0,000;0,000;1,000
225;j6023_5.sm;0;0;72;CPM;0;72;1;0;72;1;0;72;347;60;1,767;0,347;0,186;0,273;0,035;0,765;0,252;4;0,504;2,017;0,698;0,181;0;0,000;0,000;0,000;0,000;1,000
226;j6023_6.sm;0;0;81;CPM;0;81;1;1;81;1;1;81;312;60;1,767;0,408;0,237;0,310;0,014;0,738;0,356;4;0,504;2,017;0,704;0,229;0;0,000;0,000;0,000;0,000;1,000
227;j6023_7.sm;0;0;60;CPM;0;60;1;1;60;1;1;60;313;60;1,767;0,363;0,203;0,301;0,022;0,777;0,277;4;0,504;2,017;0,704;0,197;0;0,000;0,000;0,000;0,000;1,000
228;j6023_8.sm;0;0;72;CPM;0;72;1;1;72;1;1;72;332;60;1,767;0,382;0,169;0,276;0,029;0,791;0,178;4;0,504;2,017;0,711;0,201;0;0,000;0,000;0,000;0,000;1,000
229;j6023_9.sm;0;0;64;CPM;0;64;1;1;64;1;1;64;308;60;1,767;0,352;0,186;0,295;0,010;0,780;0,250;4;0,504;2,017;0,710;0,200;0;0,000;0,000;0,000;0,000;1,000
230;j6023_10.sm;0;0;68;CPM;0;68;1;1;68;1;1;68;290;60;1,767;0,371;0,220;0,445;0,014;0,781;0,284;4;0,504;2,017;0,704;0,201;0;0,000;0,000;0,000;0,000;1,000
231;j6024_1.sm;0;0;65;CPM;0;65;1;0;65;1;0;65;284;60;1,767;0,371;0,186;0,205;0,046;0,782;0,216;4;0,504;2,017;1,000;0,185;0;0,000;0,000;0,000;0,000;1,000
232;j6024_2.sm;0;0;55;CPM;0;55;1;0;55;1;0;55;306;60;1,767;0,355;0,186;0,273;0,021;0,753;0,256;4;0,504;2,017;1,000;0,123;0;0,000;0,000;0,000;0,000;1,000
233;j6024_3.sm;0;0;67;CPM;0;67;1;0;67;1;0;67;313;60;1,767;0,387;0,220;0,234;0,028;0,726;0,318;4;0,504;2,017;1,000;0,158;0;0,000;0,000;0,000;0,000;1,000
234;j6024_4.sm;0;0;78;CPM;0;78;1;0;78;1;0;78;353;60;1,767;0,360;0,220;0,365;0,018;0,709;0,343;4;0,504;2,017;1,000;0,176;0;0,000;0,000;0,000;0,000;1,000
235;j6024_5.sm;0;0;76;CPM;0;76;1;0;76;1;0;76;316;60;1,767;0,340;0,169;0,320;0,018;0,810;0,196;4;0,504;2,017;1,000;0,174;0;0,000;0,000;0,000;0,000;1,000
236;j6024_6.sm;0;0;75;CPM;0;75;1;0;75;1;0;75;308;60;1,767;0,351;0,203;0,445;0,016;0,796;0,298;4;0,504;2,017;1,000;0,159;0;0,000;0,000;0,000;0,000;1,000
237;j6024_7.sm;0;0;68;CPM;0;68;1;0;68;1;0;68;344;60;1,767;0,375;0,186;0,341;0,035;0,814;0,254;4;0,504;2,017;1,000;0,142;0;0,000;0,000;0,000;0,000;1,000
238;j6024_8.sm;0;0;81;CPM;0;81;1;0;81;1;0;81;353;60;1,767;0,372;0,203;0,330;0,019;0,788;0,243;4;0,504;2,017;1,000;0,166;0;0,000;0,000;0,000;0,000;1,000
239;j6024_9.sm;0;0;80;CPM;0;80;1;0;80;1;0;80;330;60;1,767;0,360;0,186;0,250;0,045;0,796;0,178;4;0,504;2,017;1,000;0,199;0;0,000;0,000;0,000;0,000;1,000
240;j6024_10.sm;0;0;66;CPM;0;66;1;0;66;1;0;66;344;60;1,767;0,379;0,220;0,234;0,013;0,736;0,311;4;0,504;2,017;1,000;0,173;0;0,000;0,000;0,000;0,000;1,000
241;j6025_1.sm;0;0;114;4;0;114;3;7000;114;4;0;71;292;60;1,767;0,382;0,186;0,250;0,036;0,820;0,189;4;0,754;3,017;0,200;0,355;0;0,000;0,000;0,000;0,000;1,000
242;j6025_2.sm;0;0;98;7;108199300;98;3;9000;98;7;108199300;69;353;60;1,767;0,359;0,186;0,295;0,013;0,751;0,237;4;0,754;3,017;0,200;0,283;0;0,000;0,000;0,000;0,000;1,000
243;j6025_3.sm;0;0;113;4;0;113;3;94000;113;4;0;90;358;60;1,767;0,387;0,203;0,321;0,033;0,801;0,282;4;0,754;3,017;0,206;0,307;0;0,000;0,000;0,000;0,000;1,000
244;j6025_4.sm;0;0;108;7;21168780;108;3;9000;108;7;21168780;78;336;60;1,767;0,386;0,220;0,375;0,029;0,781;0,293;4;0,754;3,017;0,201;0,316;0;0,000;0,000;0,000;0,000;1,000
245;j6025_5.sm;0;0;98;4;0;98;3;9000;98;4;0;61;283;60;1,767;0,337;0,186;0,364;0,031;0,755;0,301;4;0,754;3,017;0,206;0,317;0;0,000;0,000;0,000;0,000;1,000
246;j6025_6.sm;0;0;112;7;4741066;112;3;9000;112;7;4741066;75;348;60;1,767;0,342;0,153;0,244;0,015;0,776;0,136;4;0,754;3,017;0,204;0,328;0;0,000;0,000;0,000;0,000;1,000
247;j6025_7.sm;0;0;90;7;6228264;90;7;6228264;90;7;6228264;66;283;60;1,767;0,358;0,186;0,273;0,022;0,753;0,225;4;0,754;3,017;0,199;0,327;0;0,000;0,000;0,000;0,000;1,000
248;j6025_8.sm;0;0;99;7;231449800;99;3;9000;99;7;231449800;57;326;60;1,767;0,316;0,169;0,353;0,037;0,782;0,202;4;0,754;3,017;0,206;0,300;0;0,000;0,000;0,000;0,000;1,000
249;j6025_9.sm;0;0;99;4;0;99;3;93000;99;4;0;69;287;60;1,767;0,352;0,186;0,205;0,026;0,741;0,271;4;0,754;3,017;0,201;0,334;0;0,000;0,000;0,000;0,000;1,000
250;j6025_10.sm;0;0;108;7;1288047;108;3;9000;108;7;1288047;77;352;60;1,767;0,405;0,220;0,358;0,031;0,818;0,253;4;0,754;3,017;0,199;0,280;0;0,000;0,000;0,000;0,000;1,000
251;j6026_1.sm;0;0;80;CPM;0;80;1;0;80;1;0;80;319;60;1,767;0,334;0,203;0,390;0,020;0,766;0,324;4;0,754;3,017;0,504;0,198;0;0,000;0,000;0,000;0,000;1,000
252;j6026_2.sm;0;0;66;1;221;66;1;221;66;1;221;63;295;60;1,767;0,344;0,169;0,231;0,024;0,755;0,222;4;0,754;3,017;0,512;0,208;0;0,000;0,000;0,000;0,000;1,000
253;j6026_3.sm;0;0;76;7;7644;76;6;3600000;76;7;7644;71;347;60;1,767;0,323;0,169;0,308;0,006;0,762;0,212;4;0,754;3,017;0,511;0,192;0;0,000;0,000;0,000;0,000;1,000
254;j6026_4.sm;0;0;67;6;228600;67;1;60937;67;6;228600;65;312;60;1,767;0,380;0,203;0,376;0,027;0,774;0,270;4;0,754;3,017;0,511;0,202;0;0,000;0,000;0,000;0,000;1,000
255;j6026_5.sm;0;0;61;CPM;0;61;1;0;61;1;0;61;292;60;1,767;0,351;0,169;0,320;0,023;0,780;0,159;4;0,754;3,017;0,505;0,177;0;0,000;0,000;0,000;0,000;1,000
256;j6026_6.sm;0;0;74;6;4520;74;1;60383;74;6;4520;73;330;60;1,767;0,329;0,169;0,263;0,020;0,755;0,229;4;0,754;3,017;0,509;0,194;0;0,000;0,000;0,000;0,000;1,000
257;j6026_7.sm;0;0;72;CPM;0;72;1;1;72;1;1;72;298;60;1,767;0,366;0,169;0,288;0,028;0,798;0,218;4;0,754;3,017;0,507;0,183;0;0,000;0,000;0,000;0,000;1,000
258;j6026_8.sm;0;0;89;CPM;0;89;1;0;89;1;0;89;345;60;1,767;0,381;0,237;0,381;0,024;0,757;0,325;4;0,754;3,017;0,507;0,199;0;0,000;0,000;0,000;0,000;1,000
259;j6026_9.sm;0;0;65;6;51560;65;6;51560;65;6;51560;62;363;60;1,767;0,330;0,203;0,353;0,014;0,763;0,344;4;0,754;3,017;0,505;0,161;0;0,000;0,000;0,000;0,000;1,000
260;j6026_10.sm;0;0;85;CPM;0;85;1;4;85;1;4;85;314;60;1,767;0,416;0,220;0,341;0,019;0,748;0,271;4;0,754;3,017;0,505;0,190;0;0,000;0,000;0,000;0,000;1,000
261;j6027_1.sm;0;0;96;CPM;0;96;1;0;96;1;0;96;346;60;1,767;0,403;0,220;0,241;0,019;0,716;0,259;4;0,754;3,017;0,704;0,186;0;0,000;0,000;0,000;0,000;1,000
262;j6027_2.sm;0;0;74;CPM;0;74;1;0;74;1;0;74;277;60;1,767;0,417;0,237;0,333;0,031;0,750;0,303;4;0,754;3,017;0,700;0,180;0;0,000;0,000;0,000;0,000;1,000
263;j6027_3.sm;0;0;76;CPM;0;76;1;0;76;1;0;76;303;60;1,767;0,342;0,186;0,318;0,013;0,739;0,250;4;0,754;3,017;0,696;0,196;0;0,000;0,000;0,000;0,000;1,000
264;j6027_4.sm;0;0;60;CPM;0;60;1;0;60;1;0;60;302;60;1,767;0,347;0,153;0,267;0,029;0,791;0,104;4;0,754;3,017;0,702;0,137;0;0,000;0,000;0,000;0,000;1,000
265;j6027_5.sm;0;0;78;CPM;0;78;1;0;78;1;0;78;344;60;1,767;0,360;0,203;0,284;0,028;0,722;0,232;4;0,754;3,017;0,698;0,156;0;0,000;0,000;0,000;0,000;1,000
266;j6027_6.sm;0;0;64;CPM;0;64;1;0;64;1;0;64;348;60;1,767;0,318;0,153;0,244;0,041;0,765;0,193;4;0,754;3,017;0,700;0,139;0;0,000;0,000;0,000;0,000;1,000
267;j6027_7.sm;0;0;83;CPM;0;83;1;0;83;1;0;83;338;60;1,767;0,338;0,186;0,250;0,037;0,755;0,244;4;0,754;3,017;0,701;0,153;0;0,000;0,000;0,000;0,000;1,000
268;j6027_8.sm;0;0;88;CPM;0;88;1;0;88;1;0;88;325;60;1,767;0,359;0,203;0,353;0,014;0,790;0,332;4;0,754;3,017;0,705;0,179;0;0,000;0,000;0,000;0,000;1,000
269;j6027_9.sm;0;0;76;CPM;0;76;1;0;76;1;0;76;323;60;1,767;0,360;0,203;0,422;0,018;0,803;0,303;4;0,754;3,017;0,701;0,153;0;0,000;0,000;0,000;0,000;1,000
270;j6027_10.sm;0;0;57;CPM;0;57;1;0;57;1;0;57;326;60;1,767;0,315;0,153;0,333;0,018;0,809;0,167;4;0,754;3,017;0,704;0,131;0;0,000;0,000;0,000;0,000;1,000
271;j6028_1.sm;0;0;92;CPM;0;92;1;1;92;1;1;92;354;60;1,767;0,423;0,220;0,227;0,033;0,718;0,242;4;0,754;3,017;1,000;0,138;0;0,000;0,000;0,000;0,000;1,000
272;j6028_2.sm;0;0;64;CPM;0;64;1;1;64;1;1;64;307;60;1,767;0,323;0,153;0,267;0,025;0,770;0,160;4;0,754;3,017;1,000;0,120;0;0,000;0,000;0,000;0,000;1,000
273;j6028_3.sm;0;0;72;CPM;0;72;1;0;72;1;0;72;307;60;1,767;0,430;0,237;0,333;0,027;0,766;0,278;4;0,754;3,017;1,000;0,130;0;0,000;0,000;0,000;0,000;1,000
274;j6028_4.sm;0;0;84;CPM;0;84;1;0;84;1;0;84;331;60;1,767;0,348;0,203;0,293;0,024;0,725;0,303;4;0,754;3,017;1,000;0,143;0;0,000;0,000;0,000;0,000;1,000
275;j6028_5.sm;0;0;71;CPM;0;71;1;0;71;1;0;71;331;60;1,767;0,349;0,169;0,365;0,027;0,830;0,218;4;0,754;3,017;1,000;0,101;0;0,000;0,000;0,000;0,000;1,000
276;j6028_6.sm;0;0;89;CPM;0;89;1;0;89;1;0;89;346;60;1,767;0,398;0,220;0,334;0,023;0,796;0,237;4;0,754;3,017;1,000;0,136;0;0,000;0,000;0,000;0,000;1,000
277;j6028_7.sm;0;0;75;CPM;0;75;1;0;75;1;0;75;332;60;1,767;0,378;0,203;0,330;0,018;0,770;0,254;4;0,754;3,017;1,000;0,090;0;0,000;0,000;0,000;0,000;1,000
278;j6028_8.sm;0;0;62;CPM;0;62;1;0;62;1;0;62;319;60;1,767;0,315;0,169;0,320;0,018;0,794;0,292;4;0,754;3,017;1,000;0,136;0;0,000;0,000;0,000;0,000;1,000
279;j6028_9.sm;0;0;74;CPM;0;74;1;0;74;1;0;74;347;60;1,767;0,364;0,203;0,232;0,021;0,724;0,282;4;0,754;3,017;1,000;0,119;0;0,000;0,000;0,000;0,000;1,000
280;j6028_10.sm;0;0;74;CPM;0;74;1;0;74;1;0;74;404;60;1,767;0,332;0,169;0,341;0,035;0,769;0,173;4;0,754;3,017;1,000;0,093;0;0,000;0,000;0,000;0,000;1,000
281;j6029_1.sm;0;0;103;7;198101600;103;3;9000;103;7;198101600;59;307;60;1,767;0,364;0,186;0,341;0,035;0,792;0,248;4;1,000;4,000;0,194;0,276;0;0,000;0,000;0,000;0,000;1,000
282;j6029_2.sm;0;0;133;7;6105460;133;3;9000;133;7;6105460;88;317;60;1,767;0,403;0,220;0,281;0,021;0,776;0,311;4;1,000;4,000;0,192;0,323;0;0,000;0,000;0,000;0,000;1,000
283;j6029_3.sm;0;0;115;6;3600010;121;3;9000;0;0;0;72;346;60;1,767;0,351;0,203;0,284;0,024;0,744;0,273;4;1,000;4,000;0,200;0,286;0;0,000;0,000;0,000;0,000;1,000
284;j6029_4.sm;0;0;134;7;68809570;134;3;932000;134;7;68809570;75;358;60;1,767;0,334;0,169;0,208;0,021;0,735;0,176;4;1,000;4,000;0,202;0,288;0;0,000;0,000;0,000;0,000;1,000
285;j6029_5.sm;0;0;103;6;3600020;110;3;9000;0;0;0;77;326;60;1,767;0,376;0,186;0,386;0,027;0,814;0,222;4;1,000;4,000;0,197;0,276;0;0,000;0,000;0,000;0,000;1,000
286;j6029_6.sm;0;0;154;7;335493300;154;3;9000;154;7;335493300;77;408;60;1,767;0,369;0,169;0,241;0,010;0,739;0,161;4;1,000;4,000;0,199;0,295;0;0,000;0,000;0,000;0,000;1,000
287;j6029_7.sm;0;0;123;7;25325130;123;3;9000;123;7;25325130;73;308;60;1,767;0,395;0,203;0,367;0,025;0,763;0,266;4;1,000;4,000;0,200;0,310;0;0,000;0,000;0,000;0,000;1,000
288;j6029_8.sm;0;0;96;6;3600020;103;3;9000;0;0;0;72;322;60;1,767;0,343;0,169;0,443;0,030;0,825;0,180;4;1,000;4,000;0,202;0,250;0;0,000;0,000;0,000;0,000;1,000
289;j6029_9.sm;0;0;112;7;68232880;112;7;68232880;112;7;68232880;70;306;60;1,767;0,349;0,169;0,298;0,026;0,757;0,200;4;1,000;4,000;0,200;0,298;0;0,000;0,000;0,000;0,000;1,000
290;j6029_10.sm;0;0;112;6;3600020;119;8;0;0;0;0;70;352;60;1,767;0,316;0,153;0,222;0,036;0,781;0,191;4;1,000;4,000;0,202;0,278;0;0,000;0,000;0,000;0,000;1,000
291;j6030_1.sm;0;0;70;CPM;0;70;1;0;70;1;0;70;301;60;1,767;0,376;0,186;0,295;0,020;0,782;0,248;4;1,000;4,000;0,505;0,163;0;0,000;0,000;0,000;0,000;1,000
292;j6030_2.sm;0;0;70;7;357147000;70;1;3600710;70;7;357147000;65;328;60;1,767;0,372;0,186;0,205;0,026;0,749;0,208;4;1,000;4,000;0,503;0,166;0;0,000;0,000;0,000;0,000;1,000
293;j6030_3.sm;0;0;82;6;1200;82;6;1200;82;6;1200;80;376;60;1,767;0,364;0,186;0,273;0,021;0,776;0,210;4;1,000;4,000;0,505;0,160;0;0,000;0,000;0,000;0,000;1,000
294;j6030_4.sm;0;0;76;CPM;0;76;1;1;76;1;1;76;318;60;1,767;0,349;0,169;0,331;0,030;0,789;0,208;4;1,000;4,000;0,506;0,139;0;0,000;0,000;0,000;0,000;1,000
295;j6030_5.sm;0;0;76;4;0;76;3;7000;76;4;0;72;363;60;1,767;0,367;0,186;0,273;0,032;0,735;0,212;4;1,000;4,000;0,503;0,153;0;0,000;0,000;0,000;0,000;1,000
296;j6030_6.sm;0;0;68;CPM;0;68;1;1;68;1;1;68;299;60;1,767;0,345;0,186;0,318;0,013;0,780;0,229;4;1,000;4,000;0,502;0,148;0;0,000;0,000;0,000;0,000;1,000
297;j6030_7.sm;0;0;86;4;0;86;3;7000;86;4;0;77;363;60;1,767;0,368;0,169;0,296;0,031;0,760;0,178;4;1,000;4,000;0,509;0,182;0;0,000;0,000;0,000;0,000;1,000
298;j6030_8.sm;0;0;63;CPM;0;63;1;112;63;1;112;63;316;60;1,767;0,351;0,186;0,364;0,019;0,812;0,252;4;1,000;4,000;0,507;0,143;0;0,000;0,000;0,000;0,000;1,000
299;j6030_9.sm;0;0;98;CPM;0;98;1;0;98;1;0;98;352;60;1,767;0,398;0,237;0,238;0,020;0,724;0,290;4;1,000;4,000;0,507;0,191;0;0,000;0,000;0,000;0,000;1,000
300;j6030_10.sm;0;0;86;4;0;86;3;7000;86;4;0;81;362;60;1,767;0,327;0,169;0,320;0,016;0,778;0,208;4;1,000;4,000;0,506;0,178;0;0,000;0,000;0,000;0,000;1,000
301;j6031_1.sm;0;0;65;CPM;0;65;1;0;65;1;0;65;307;60;1,767;0,334;0,136;0,265;0,061;0,837;0,098;4;1,000;4,000;0,702;0,114;0;0,000;0,000;0,000;0,000;1,000
302;j6031_2.sm;0;0;74;CPM;0;74;1;1;74;1;1;74;342;60;1,767;0,364;0,203;0,200;0,009;0,709;0,209;4;1,000;4,000;0,696;0,131;0;0,000;0,000;0,000;0,000;1,000
303;j6031_3.sm;0;0;66;CPM;0;66;1;0;66;1;0;66;322;60;1,767;0,323;0,169;0,263;0,028;0,789;0,253;4;1,000;4,000;0,700;0,117;0;0,000;0,000;0,000;0,000;1,000
304;j6031_4.sm;0;0;68;CPM;0;68;1;1;68;1;1;68;317;60;1,767;0,350;0,186;0,227;0,015;0,745;0,225;4;1,000;4,000;0,702;0,138;0;0,000;0,000;0,000;0,000;1,000
305;j6031_5.sm;0;0;72;CPM;0;72;1;1;72;1;1;72;330;60;1,767;0,315;0,153;0,333;0,029;0,814;0,178;4;1,000;4,000;0,701;0,104;0;0,000;0,000;0,000;0,000;1,000
306;j6031_6.sm;0;0;72;CPM;0;72;1;0;72;1;0;72;388;60;1,767;0,345;0,153;0,267;0,031;0,806;0,124;4;1,000;4,000;0,700;0,116;0;0,000;0,000;0,000;0,000;1,000
307;j6031_7.sm;0;0;76;CPM;0;76;1;1;76;1;1;76;319;60;1,767;0,432;0,237;0,286;0,014;0,774;0,305;4;1,000;4,000;0,698;0,145;0;0,000;0,000;0,000;0,000;1,000
308;j6031_8.sm;0;0;75;CPM;0;75;1;0;75;1;0;75;335;60;1,767;0,406;0,220;0,197;0,005;0,731;0,244;4;1,000;4,000;0,699;0,129;0;0,000;0,000;0,000;0,000;1,000
309;j6031_9.sm;0;0;86;CPM;0;86;1;0;86;1;0;86;374;60;1,767;0,351;0,186;0,341;0,012;0,741;0,250;4;1,000;4,000;0,701;0,118;0;0,000;0,000;0,000;0,000;1,000
310;j6031_10.sm;0;0;56;CPM;0;56;1;1;56;1;1;56;314;60;1,767;0,321;0,136;0,257;0,030;0,790;0,093;4;1,000;4,000;0,702;0,116;0;0,000;0,000;0,000;0,000;1,000
311;j6032_1.sm;0;0;69;CPM;0;69;1;0;69;1;0;69;337;60;1,767;0,309;0,169;0,308;0,028;0,764;0,282;4;1,000;4,000;1,000;0,076;0;0,000;0,000;0,000;0,000;1,000
312;j6032_2.sm;0;0;114;CPM;0;114;1;0;114;1;0;114;342;60;1,767;0,388;0,220;0,334;0,016;0,779;0,219;4;1,000;4,000;1,000;0,125;0;0,000;0,000;0,000;0,000;1,000
313;j6032_3.sm;0;0;85;CPM;0;85;1;1;85;1;1;85;371;60;1,767;0,387;0,186;0,250;0,028;0,788;0,188;4;1,000;4,000;1,000;0,096;0;0,000;0,000;0,000;0,000;1,000
314;j6032_4.sm;0;0;56;CPM;0;56;1;0;56;1;0;56;307;60;1,767;0,352;0,186;0,273;0,015;0,749;0,278;4;1,000;4,000;1,000;0,079;0;0,000;0,000;0,000;0,000;1,000
315;j6032_5.sm;0;0;77;CPM;0;77;1;1;77;1;1;77;335;60;1,767;0,395;0,220;0,344;0,020;0,796;0,256;4;1,000;4,000;1,000;0,116;0;0,000;0,000;0,000;0,000;1,000
316;j6032_6.sm;0;0;93;CPM;0;93;1;0;93;1;0;93;324;60;1,767;0,413;0,254;0,339;0,000;0,735;0,326;4;1,000;4,000;1,000;0,118;0;0,000;0,000;0,000;0,000;1,000
317;j6032_7.sm;0;0;76;CPM;0;76;1;0;76;1;0;76;334;60;1,767;0,369;0,203;0,278;0,023;0,753;0,229;4;1,000;4,000;1,000;0,108;0;0,000;0,000;0,000;0,000;1,000
318;j6032_8.sm;0;0;76;CPM;0;76;1;1;76;1;1;76;300;60;1,767;0,358;0,186;0,409;0,019;0,802;0,263;4;1,000;4,000;1,000;0,101;0;0,000;0,000;0,000;0,000;1,000
319;j6032_9.sm;0;0;74;CPM;0;74;1;0;74;1;0;74;373;60;1,767;0,367;0,186;0,295;0,018;0,800;0,212;4;1,000;4,000;1,000;0,112;0;0,000;0,000;0,000;0,000;1,000
320;j6032_10.sm;0;0;77;CPM;0;77;1;0;77;1;0;77;327;60;1,767;0,364;0,186;0,295;0,013;0,802;0,237;4;1,000;4,000;1,000;0,118;0;0,000;0,000;0,000;0,000;1,000
321;j6033_1.sm;0;0;105;1;5;105;1;5;105;1;5;90;346;60;2,083;0,455;0,186;0,273;0,051;0,812;0,180;4;0,250;1,000;0,213;0,474;0;0,000;0,000;0,000;0,000;1,000
322;j6033_2.sm;0;0;100;CPM;0;100;1;0;100;1;0;100;353;60;2,083;0,455;0,220;0,365;0,052;0,793;0,289;4;0,250;1,000;0,172;0,472;0;0,000;0,000;0,000;0,000;1,000
323;j6033_3.sm;0;0;79;1;13;79;1;13;79;1;13;77;305;60;2,083;0,456;0,203;0,246;0,044;0,798;0,204;4;0,250;1,000;0,157;0,433;0;0,000;0,000;0,000;0,000;1,000
324;j6033_4.sm;0;0;81;1;1;81;1;1;81;1;1;75;342;60;2,083;0,458;0,186;0,386;0,069;0,860;0,178;4;0,250;1,000;0,191;0,434;0;0,000;0,000;0,000;0,000;1,000
325;j6033_5.sm;0;0;108;1;5;108;1;5;108;1;5;97;371;60;2,083;0,488;0,220;0,288;0,036;0,809;0,201;4;0,250;1,000;0,177;0,487;0;0,000;0,000;0,000;0,000;1,000
326;j6033_6.sm;0;0;75;1;97;75;1;97;75;1;97;65;341;60;2,083;0,432;0,186;0,295;0,044;0,799;0,222;4;0,250;1,000;0,191;0,436;0;0,000;0,000;0,000;0,000;1,000
327;j6033_7.sm;0;0;78;1;112;78;1;112;78;1;112;66;341;60;2,083;0,434;0,169;0,286;0,035;0,814;0,139;4;0,250;1,000;0,214;0,472;0;0,000;0,000;0,000;0,000;1,000
328;j6033_8.sm;0;0;79;1;3;79;1;3;79;1;3;74;326;60;2,083;0,453;0,203;0,353;0,030;0,790;0,186;4;0,250;1,000;0,219;0,426;0;0,000;0,000;0,000;0,000;1,000
329;j6033_9.sm;0;0;108;1;1;108;1;1;108;1;1;102;343;60;2,083;0,468;0,203;0,293;0,030;0,790;0,209;4;0,250;1,000;0,224;0,453;0;0,000;0,000;0,000;0,000;1,000
330;j6033_10.sm;0;0;84;1;17;84;1;17;84;1;17;69;318;60;2,083;0,460;0,203;0,163;0,036;0,746;0,144;4;0,250;1,000;0,178;0,460;0;0,000;0,000;0,000;0,000;1,000
331;j6034_1.sm;0;0;72;1;3;72;1;3;72;1;3;67;329;60;2,083;0,481;0,186;0,295;0,038;0,828;0,169;4;0,250;1,000;0,519;0,363;0;0,000;0,000;0,000;0,000;1,000
332;j6034_2.sm;0;0;68;1;1;68;1;1;68;1;1;65;328;60;2,083;0,446;0,186;0,341;0,037;0,799;0,159;4;0,250;1,000;0,520;0,346;0;0,000;0,000;0,000;0,000;1,000
333;j6034_3.sm;0;0;61;CPM;0;61;1;5;61;1;5;61;308;60;2,083;0,433;0,186;0,295;0,031;0,791;0,165;4;0,250;1,000;0,526;0,322;0;0,000;0,000;0,000;0,000;1,000
334;j6034_4.sm;0;0;83;CPM;0;83;1;0;83;1;0;83;317;60;2,083;0,434;0,203;0,200;0,036;0,739;0,188;4;0,250;1,000;0,508;0,327;0;0,000;0,000;0,000;0,000;1,000
335;j6034_5.sm;0;0;80;CPM;0;80;1;0;80;1;0;80;312;60;2,083;0,481;0,203;0,270;0,036;0,785;0,227;4;0,250;1,000;0,517;0,352;0;0,000;0,000;0,000;0,000;1,000
336;j6034_6.sm;0;0;81;1;3;81;1;3;81;1;3;77;357;60;2,083;0,455;0,186;0,205;0,030;0,765;0,138;4;0,250;1,000;0,523;0,338;0;0,000;0,000;0,000;0,000;1,000
337;j6034_7.sm;0;0;85;1;1;85;1;1;85;1;1;83;326;60;2,083;0,490;0,203;0,232;0,047;0,814;0,222;4;0,250;1,000;0,525;0,352;0;0,000;0,000;0,000;0,000;1,000
338;j6034_8.sm;0;0;63;1;1;63;1;1;63;1;1;61;289;60;2,083;0,427;0,186;0,295;0,031;0,791;0,214;4;0,250;1,000;0,521;0,340;0;0,000;0,000;0,000;0,000;1,000
339;j6034_9.sm;0;0;77;CPM;0;77;1;0;77;1;0;77;319;60;2,083;0,438;0,203;0,330;0,055;0,822;0,216;4;0,250;1,000;0,545;0,344;0;0,000;0,000;0,000;0,000;1,000
340;j6034_10.sm;0;0;92;CPM;0;92;1;0;92;1;0;92;361;60;2,083;0,481;0,203;0,293;0,034;0,809;0,207;4;0,250;1,000;0,507;0,367;0;0,000;0,000;0,000;0,000;1,000
341;j6035_1.sm;0;0;78;CPM;0;78;1;0;78;1;0;78;353;60;2,083;0,453;0,186;0,273;0,035;0,799;0,172;4;0,250;1,000;0,716;0,305;0;0,000;0,000;0,000;0,000;1,000
342;j6035_2.sm;0;0;77;CPM;0;77;1;0;77;1;0;77;365;60;2,083;0,467;0,220;0,351;0,027;0,806;0,216;4;0,250;1,000;0,606;0,280;0;0,000;0,000;0,000;0,000;1,000
343;j6035_3.sm;0;0;89;1;0;89;1;0;89;1;0;87;338;60;2,083;0,472;0,220;0,217;0,042;0,783;0,227;4;0,250;1,000;0,711;0,333;0;0,000;0,000;0,000;0,000;1,000
344;j6035_4.sm;0;0;72;CPM;0;72;1;0;72;1;0;72;315;60;2,083;0,488;0,220;0,351;0,039;0,805;0,194;4;0,250;1,000;0,709;0,301;0;0,000;0,000;0,000;0,000;1,000
345;j6035_5.sm;0;0;76;1;0;76;1;0;76;1;0;75;339;60;2,083;0,503;0,203;0,191;0,038;0,793;0,117;4;0,250;1,000;0,726;0,291;0;0,000;0,000;0,000;0,000;1,000
346;j6035_6.sm;0;0;79;CPM;0;79;1;0;79;1;0;79;316;60;2,083;0,471;0,186;0,273;0,055;0,815;0,131;4;0,250;1,000;0,722;0,336;0;0,000;0,000;0,000;0,000;1,000
347;j6035_7.sm;0;0;73;CPM;0;73;1;0;73;1;0;73;323;60;2,083;0,504;0,220;0,171;0,050;0,773;0,162;4;0,250;1,000;0,697;0,329;0;0,000;0,000;0,000;0,000;1,000
348;j6035_8.sm;0;0;78;1;0;78;1;0;78;1;0;75;357;60;2,083;0,424;0,186;0,295;0,033;0,766;0,184;4;0,250;1,000;0,696;0,300;0;0,000;0,000;0,000;0,000;1,000
349;j6035_9.sm;0;0;76;1;0;76;1;0;76;1;0;73;318;60;2,083;0,508;0,186;0,205;0,055;0,803;0,100;4;0,250;1,000;0,718;0,320;0;0,000;0,000;0,000;0,000;1,000
350;j6035_10.sm;0;0;71;1;0;71;1;0;71;1;0;70;327;60;2,083;0,468;0,220;0,258;0,031;0,760;0,253;4;0,250;1,000;0,724;0,289;0;0,000;0,000;0,000;0,000;1,000
351;j6036_1.sm;0;0;61;CPM;0;61;1;0;61;1;0;61;296;60;2,083;0,459;0,169;0,253;0,052;0,824;0,165;4;0,250;1,000;1,000;0,276;0;0,000;0,000;0,000;0,000;1,000
352;j6036_2.sm;0;0;75;CPM;0;75;1;0;75;1;0;75;302;60;2,083;0,497;0,186;0,205;0,057;0,821;0,144;4;0,250;1,000;1,000;0,294;0;0,000;0,000;0,000;0,000;1,000
353;j6036_3.sm;0;0;81;CPM;0;81;1;0;81;1;0;81;322;60;2,083;0,462;0,220;0,247;0,049;0,765;0,234;4;0,250;1,000;1,000;0,297;0;0,000;0,000;0,000;0,000;1,000
354;j6036_4.sm;0;0;85;CPM;0;85;1;0;85;1;0;85;327;60;2,083;0,473;0,220;0,398;0,053;0,839;0,263;4;0,250;1,000;1,000;0,269;0;0,000;0,000;0,000;0,000;1,000
355;j6036_5.sm;0;0;57;CPM;0;57;1;0;57;1;0;57;283;60;2,083;0,456;0,186;0,295;0,037;0,807;0,180;4;0,250;1,000;1,000;0,253;0;0,000;0,000;0,000;0,000;1,000
356;j6036_6.sm;0;0;76;CPM;0;76;1;0;76;1;0;76;348;60;2,083;0,458;0,203;0,376;0,034;0,799;0,243;4;0,250;1,000;1,000;0,239;0;0,000;0,000;0,000;0,000;1,000
357;j6036_7.sm;0;0;71;CPM;0;71;1;0;71;1;0;71;332;60;2,083;0,437;0,169;0,176;0,057;0,770;0,082;4;0,250;1,000;1,000;0,236;0;0,000;0,000;0,000;0,000;1,000
358;j6036_8.sm;0;0;69;CPM;0;69;1;0;69;1;0;69;335;60;2,083;0,444;0,186;0,273;0,044;0,781;0,174;4;0,250;1,000;1,000;0,223;0;0,000;0,000;0,000;0,000;1,000
359;j6036_9.sm;0;0;86;CPM;0;86;1;0;86;1;0;86;344;60;2,083;0,482;0,203;0,232;0,054;0,787;0,140;4;0,250;1,000;1,000;0,214;0;0,000;0,000;0,000;0,000;1,000
360;j6036_10.sm;0;0;77;CPM;0;77;1;1;77;1;1;77;331;60;2,083;0,456;0,169;0,241;0,030;0,804;0,114;4;0,250;1,000;1,000;0,283;0;0,000;0,000;0,000;0,000;1,000
361;j6037_1.sm;0;0;97;1;33153;97;1;33153;97;1;33153;70;300;60;2,083;0,464;0,169;0,298;0,060;0,850;0,169;4;0,504;2,017;0,197;0,393;0;0,000;0,000;0,000;0,000;1,000
362;j6037_2.sm;0;0;95;6;65070;95;1;60619;95;6;65070;68;300;60;2,083;0,466;0,203;0,278;0,049;0,810;0,190;4;0,504;2,017;0,198;0,358;0;0,000;0,000;0,000;0,000;1,000
363;j6037_3.sm;0;0;139;1;11754;139;1;11754;139;1;11754;97;391;60;2,083;0,481;0,186;0,273;0,067;0,828;0,150;4;0,504;2,017;0,198;0,412;0;0,000;0,000;0,000;0,000;1,000
364;j6037_4.sm;0;0;101;1;35630;101;1;35630;101;1;35630;75;333;60;2,083;0,451;0,203;0,232;0,029;0,747;0,193;4;0,504;2,017;0,197;0,362;0;0,000;0,000;0,000;0,000;1,000
365;j6037_5.sm;0;0;98;1;34290;98;1;34290;98;1;34290;80;303;60;2,083;0,469;0,186;0,273;0,036;0,781;0,165;4;0,504;2,017;0,179;0,415;0;0,000;0,000;0,000;0,000;1,000
366;j6037_6.sm;0;0;102;7;20919;102;6;3600000;102;7;20919;62;346;60;2,083;0,441;0,153;0,244;0,056;0,820;0,118;4;0,504;2,017;0,193;0,356;0;0,000;0,000;0,000;0,000;1,000
367;j6037_7.sm;0;0;110;1;10779;110;1;10779;110;1;10779;75;347;60;2,083;0,462;0,186;0,227;0,044;0,788;0,161;4;0,504;2,017;0,210;0,379;0;0,000;0,000;0,000;0,000;1,000
368;j6037_8.sm;0;0;93;6;26680;93;1;60081;93;6;26680;79;320;60;2,083;0,419;0,203;0,301;0,040;0,799;0,232;4;0,504;2,017;0,210;0,393;0;0,000;0,000;0,000;0,000;1,000
369;j6037_9.sm;0;0;96;1;956;96;1;956;96;1;956;77;336;60;2,083;0,463;0,220;0,281;0,034;0,795;0,242;4;0,504;2,017;0,186;0,372;0;0,000;0,000;0,000;0,000;1,000
370;j6037_10.sm;0;0;96;1;22045;96;1;22045;96;1;22045;86;340;60;2,083;0,410;0,186;0,250;0,035;0,793;0,237;4;0,504;2,017;0,210;0,355;0;0,000;0,000;0,000;0,000;1,000
371;j6038_1.sm;0;0;73;CPM;0;73;1;0;73;1;0;73;341;60;2,083;0,464;0,220;0,288;0,041;0,797;0,254;4;0,504;2,017;0,508;0,228;0;0,000;0,000;0,000;0,000;1,000
372;j6038_2.sm;0;0;76;6;36910;76;6;36910;76;6;36910;71;362;60;2,083;0,431;0,169;0,343;0,050;0,848;0,200;4;0,504;2,017;0,515;0,259;0;0,000;0,000;0,000;0,000;1,000
373;j6038_3.sm;0;0;77;1;64;77;1;64;77;1;64;76;338;60;2,083;0,449;0,169;0,288;0,045;0,812;0,161;4;0,504;2,017;0,504;0,258;0;0,000;0,000;0,000;0,000;1,000
374;j6038_4.sm;0;0;58;CPM;0;58;1;1;58;1;1;58;310;60;2,083;0,408;0,169;0,365;0,041;0,824;0,212;4;0,504;2,017;0,513;0,230;0;0,000;0,000;0,000;0,000;1,000
375;j6038_5.sm;0;0;103;CPM;0;103;1;0;103;1;0;103;318;60;2,083;0,473;0,254;0,230;0,028;0,745;0,306;4;0,504;2,017;0,500;0,290;0;0,000;0,000;0,000;0,000;1,000
376;j6038_6.sm;0;0;86;CPM;0;86;1;0;86;1;0;86;343;60;2,083;0,452;0,186;0,227;0,041;0,782;0,155;4;0,504;2,017;0,525;0,266;0;0,000;0,000;0,000;0,000;1,000
377;j6038_7.sm;0;0;74;CPM;0;74;1;1;74;1;1;74;343;60;2,083;0,453;0,203;0,270;0,035;0,798;0,238;4;0,504;2,017;0,507;0,233;0;0,000;0,000;0,000;0,000;1,000
378;j6038_8.sm;0;0;71;1;77;71;1;77;71;1;77;68;353;60;2,083;0,482;0,153;0,178;0,036;0,789;0,067;4;0,504;2,017;0,521;0,244;0;0,000;0,000;0,000;0,000;1,000
379;j6038_9.sm;0;0;66;CPM;0;66;1;6;66;1;6;66;295;60;2,083;0,462;0,203;0,353;0,034;0,829;0,191;4;0,504;2,017;0,510;0,249;0;0,000;0,000;0,000;0,000;1,000
380;j6038_10.sm;0;0;66;1;29;66;1;29;66;1;29;63;332;60;2,083;0,444;0,203;0,270;0,024;0,781;0,248;4;0,504;2,017;0,505;0,243;0;0,000;0,000;0,000;0,000;1,000
381;j6039_1.sm;0;0;80;CPM;0;80;1;0;80;1;0;80;324;60;2,083;0,492;0,220;0,251;0,029;0,775;0,221;4;0,504;2,017;0,703;0,213;0;0,000;0,000;0,000;0,000;1,000
382;j6039_2.sm;0;0;84;CPM;0;84;1;0;84;1;0;84;358;60;2,083;0,451;0,169;0,208;0,043;0,775;0,088;4;0,504;2,017;0,708;0,190;0;0,000;0,000;0,000;0,000;1,000
383;j6039_3.sm;0;0;83;CPM;0;83;1;0;83;1;0;83;363;60;2,083;0,454;0,186;0,273;0,011;0,771;0,161;4;0,504;2,017;0,714;0,213;0;0,000;0,000;0,000;0,000;1,000
384;j6039_4.sm;0;0;92;CPM;0;92;1;1;92;1;1;92;332;60;2,083;0,481;0,220;0,344;0,020;0,800;0,239;4;0,504;2,017;0,695;0,238;0;0,000;0,000;0,000;0,000;1,000
385;j6039_5.sm;0;0;73;CPM;0;73;1;0;73;1;0;73;322;60;2,083;0,436;0,186;0,205;0,056;0,769;0,157;4;0,504;2,017;0,712;0,224;0;0,000;0,000;0,000;0,000;1,000
386;j6039_6.sm;0;0;84;1;0;84;1;0;84;1;0;83;303;60;2,083;0,494;0,220;0,171;0,021;0,729;0,192;4;0,504;2,017;0,703;0,265;0;0,000;0,000;0,000;0,000;1,000
387;j6039_7.sm;0;0;68;CPM;0;68;1;0;68;1;0;68;330;60;2,083;0,425;0,186;0,295;0,058;0,815;0,222;4;0,504;2,017;0,700;0,195;0;0,000;0,000;0,000;0,000;1,000
388;j6039_8.sm;0;0;77;CPM;0;77;1;0;77;1;0;77;313;60;2,083;0,425;0,186;0,295;0,046;0,813;0,201;4;0,504;2,017;0,712;0,207;0;0,000;0,000;0,000;0,000;1,000
389;j6039_9.sm;0;0;72;CPM;0;72;1;0;72;1;0;72;338;60;2,083;0,471;0,186;0,295;0,051;0,818;0,174;4;0,504;2,017;0,704;0,214;0;0,000;0,000;0,000;0,000;1,000
390;j6039_10.sm;0;0;74;CPM;0;74;1;0;74;1;0;74;315;60;2,083;0,447;0,169;0,220;0,048;0,799;0,135;4;0,504;2,017;0,714;0,222;0;0,000;0,000;0,000;0,000;1,000
391;j6040_1.sm;0;0;86;CPM;0;86;1;0;86;1;0;86;375;60;2,083;0,512;0,186;0,250;0,051;0,834;0,140;4;0,504;2,017;1,000;0,182;0;0,000;0,000;0,000;0,000;1,000
392;j6040_2.sm;0;0;81;CPM;0;81;1;0;81;1;0;81;352;60;2,083;0,467;0,203;0,275;0,039;0,793;0,234;4;0,504;2,017;1,000;0,171;0;0,000;0,000;0,000;0,000;1,000
393;j6040_3.sm;0;0;70;CPM;0;70;1;0;70;1;0;70;322;60;2,083;0,453;0,186;0,295;0,059;0,810;0,201;4;0,504;2,017;1,000;0,161;0;0,000;0,000;0,000;0,000;1,000
394;j6040_4.sm;0;0;87;CPM;0;87;1;0;87;1;0;87;338;60;2,083;0,470;0,220;0,204;0,036;0,766;0,212;4;0,504;2,017;1,000;0,180;0;0,000;0,000;0,000;0,000;1,000
395;j6040_5.sm;0;0;83;CPM;0;83;1;0;83;1;0;83;371;60;2,083;0,485;0,203;0,232;0,016;0,777;0,161;4;0,504;2,017;1,000;0,187;0;0,000;0,000;0,000;0,000;1,000
396;j6040_6.sm;0;0;69;CPM;0;69;1;0;69;1;0;69;315;60;2,083;0,447;0,186;0,250;0,026;0,763;0,203;4;0,504;2,017;1,000;0,163;0;0,000;0,000;0,000;0,000;1,000
397;j6040_7.sm;0;0;68;CPM;0;68;1;0;68;1;0;68;312;60;2,083;0,458;0,203;0,261;0,030;0,786;0,195;4;0,504;2,017;1,000;0,168;0;0,000;0,000;0,000;0,000;1,000
398;j6040_8.sm;0;0;80;CPM;0;80;1;0;80;1;0;80;351;60;2,083;0,459;0,203;0,255;0,031;0,783;0,215;4;0,504;2,017;1,000;0,161;0;0,000;0,000;0,000;0,000;1,000
399;j6040_9.sm;0;0;90;CPM;0;90;1;0;90;1;0;90;342;60;2,083;0,526;0,220;0,164;0,024;0,776;0,179;4;0,504;2,017;1,000;0,166;0;0,000;0,000;0,000;0,000;1,000
400;j6040_10.sm;0;0;73;CPM;0;73;1;0;73;1;0;73;306;60;2,083;0,463;0,203;0,232;0,054;0,803;0,213;4;0,504;2,017;1,000;0,177;0;0,000;0,000;0,000;0,000;1,000
401;j6041_1.sm;0;0;122;4;0;122;3;7000;122;4;0;91;360;60;2,083;0,466;0,203;0,246;0,029;0,773;0,188;4;0,754;3,017;0,189;0,329;0;0,000;0,000;0,000;0,000;1,000
402;j6041_2.sm;0;0;113;4;0;113;3;7000;113;4;0;81;329;60;2,083;0,460;0,220;0,264;0,068;0,815;0,276;4;0,754;3,017;0,201;0,328;0;0,000;0,000;0,000;0,000;1,000
403;j6041_3.sm;0;0;98;7;678164;98;3;9000;98;7;678164;58;304;60;2,083;0,431;0,186;0,295;0,048;0,787;0,189;4;0,754;3,017;0,197;0,318;0;0,000;0,000;0,000;0,000;1,000
404;j6041_4.sm;0;0;133;1;21704;133;1;21704;133;1;21704;100;332;60;2,083;0,493;0,220;0,241;0,052;0,761;0,207;4;0,754;3,017;0,193;0,351;0;0,000;0,000;0,000;0,000;1,000
405;j6041_5.sm;0;0;115;7;485082;115;3;9000;115;7;485082;67;345;60;2,083;0,437;0,169;0,231;0,019;0,809;0,116;4;0,754;3,017;0,193;0,330;0;0,000;0,000;0,000;0,000;1,000
406;j6041_6.sm;0;0;134;4;0;134;3;7000;134;4;0;82;339;60;2,083;0,525;0,220;0,375;0,058;0,827;0,171;4;0,754;3,017;0,190;0,349;0;0,000;0,000;0,000;0,000;1,000
407;j6041_7.sm;0;0;132;6;2567360;132;6;2567360;132;6;2567360;79;355;60;2,083;0,523;0,220;0,241;0,032;0,763;0,154;4;0,754;3,017;0,190;0,355;0;0,000;0,000;0,000;0,000;1,000
408;j6041_8.sm;0;0;135;6;3278560;135;6;3278560;135;6;3278560;95;352;60;2,083;0,467;0,203;0,215;0,047;0,775;0,220;4;0,754;3,017;0,187;0,339;0;0,000;0,000;0,000;0,000;1,000
409;j6041_9.sm;0;0;131;4;0;131;3;7000;131;4;0;80;375;60;2,083;0,467;0,186;0,273;0,028;0,785;0,138;4;0,754;3,017;0,197;0,322;0;0,000;0,000;0,000;0,000;1,000
410;j6041_10.sm;0;0;111;7;6818491;111;3;9000;111;7;6818491;71;364;60;2,083;0,463;0,186;0,182;0,030;0,778;0,152;4;0,754;3,017;0,199;0,294;0;0,000;0,000;0,000;0,000;1,000
411;j6042_1.sm;0;0;83;CPM;0;83;1;0;83;1;0;83;328;60;2,083;0,465;0,203;0,284;0,029;0,797;0,160;4;0,754;3,017;0,510;0,191;0;0,000;0,000;0,000;0,000;1,000
412;j6042_2.sm;0;0;68;CPM;0;68;1;0;68;1;0;68;312;60;2,083;0,421;0,169;0,298;0,040;0,814;0,139;4;0,754;3,017;0,506;0,196;0;0,000;0,000;0,000;0,000;1,000
413;j6042_3.sm;0;0;78;1;13456;78;1;13456;78;1;13456;73;328;60;2,083;0,452;0,169;0,263;0,045;0,838;0,149;4;0,754;3,017;0,509;0,230;0;0,000;0,000;0,000;0,000;1,000
414;j6042_4.sm;0;0;103;1;7573;103;1;7573;103;1;7573;94;357;60;2,083;0,469;0,203;0,186;0,048;0,759;0,167;4;0,754;3,017;0,510;0,243;0;0,000;0,000;0,000;0,000;1,000
415;j6042_5.sm;0;0;73;CPM;0;73;1;0;73;1;0;73;319;60;2,083;0,495;0,203;0,275;0,028;0,743;0,200;4;0,754;3,017;0,506;0,182;0;0,000;0,000;0,000;0,000;1,000
416;j6042_6.sm;0;0;82;CPM;0;82;1;0;82;1;0;82;302;60;2,083;0,546;0,220;0,211;0,014;0,781;0,120;4;0,754;3,017;0,506;0,233;0;0,000;0,000;0,000;0,000;1,000
417;j6042_7.sm;0;0;59;1;11419;59;1;11419;59;1;11419;55;268;60;2,083;0,438;0,169;0,298;0,031;0,815;0,171;4;0,754;3,017;0,503;0,202;0;0,000;0,000;0,000;0,000;1,000
418;j6042_8.sm;0;0;82;1;1089;82;1;1089;82;1;1089;78;342;60;2,083;0,437;0,203;0,246;0,036;0,782;0,220;4;0,754;3,017;0,514;0,233;0;0,000;0,000;0,000;0,000;1,000
419;j6042_9.sm;0;0;71;1;17;71;1;17;71;1;17;70;313;60;2,083;0,460;0,186;0,227;0,040;0,799;0,174;4;0,754;3,017;0,508;0,200;0;0,000;0,000;0,000;0,000;1,000
420;j6042_10.sm;0;0;87;CPM;0;87;1;0;87;1;0;87;298;60;2,083;0,399;0,186;0,318;0,043;0,813;0,212;4;0,754;3,017;0,509;0,249;0;0,000;0,000;0,000;0,000;1,000
421;j6043_1.sm;0;0;108;CPM;0;108;1;0;108;1;0;108;334;60;2,083;0,499;0,254;0,364;0,053;0,799;0,255;4;0,754;3,017;0,695;0,186;0;0,000;0,000;0,000;0,000;1,000
422;j6043_2.sm;0;0;85;CPM;0;85;1;0;85;1;0;85;350;60;2,083;0,456;0,169;0,231;0,047;0,799;0,092;4;0,754;3,017;0,695;0,188;0;0,000;0,000;0,000;0,000;1,000
423;j6043_3.sm;0;0;74;CPM;0;74;1;0;74;1;0;74;334;60;2,083;0,467;0,186;0,227;0,037;0,803;0,174;4;0,754;3,017;0,701;0,148;0;0,000;0,000;0,000;0,000;1,000
424;j6043_4.sm;0;0;75;1;2;75;1;2;75;1;2;74;373;60;2,083;0,449;0,169;0,308;0,046;0,819;0,108;4;0,754;3,017;0,700;0,153;0;0,000;0,000;0,000;0,000;1,000
425;j6043_5.sm;0;0;64;CPM;0;64;1;0;64;1;0;64;301;60;2,083;0,451;0,169;0,253;0,037;0,797;0,135;4;0,754;3,017;0,702;0,151;0;0,000;0,000;0,000;0,000;1,000
426;j6043_6.sm;0;0;84;CPM;0;84;1;1;84;1;1;84;325;60;2,083;0,444;0,186;0,205;0,035;0,753;0,131;4;0,754;3,017;0,694;0,178;0;0,000;0,000;0,000;0,000;1,000
427;j6043_7.sm;0;0;89;CPM;0;89;1;0;89;1;0;89;309;60;2,083;0,501;0,254;0,224;0,051;0,770;0,252;4;0,754;3,017;0,697;0,210;0;0,000;0,000;0,000;0,000;1,000
428;j6043_8.sm;0;0;69;CPM;0;69;1;0;69;1;0;69;347;60;2,083;0,416;0,186;0,364;0,037;0,825;0,229;4;0,754;3,017;0,706;0,134;0;0,000;0,000;0,000;0,000;1,000
429;j6043_9.sm;0;0;70;CPM;0;70;1;0;70;1;0;70;295;60;2,083;0,455;0,169;0,220;0,041;0,819;0,108;4;0,754;3,017;0,699;0,183;0;0,000;0,000;0,000;0,000;1,000
430;j6043_10.sm;0;0;78;CPM;0;78;1;0;78;1;0;78;294;60;2,083;0,438;0,237;0,262;0,031;0,765;0,337;4;0,754;3,017;0,705;0,166;0;0,000;0,000;0,000;0,000;1,000
431;j6044_1.sm;0;0;84;CPM;0;84;1;0;84;1;0;84;323;60;2,083;0,440;0,220;0,304;0,013;0,779;0,249;4;0,754;3,017;1,000;0,131;0;0,000;0,000;0,000;0,000;1,000
432;j6044_2.sm;0;0;68;CPM;0;68;1;0;68;1;0;68;326;60;2,083;0,459;0,169;0,263;0,023;0,766;0,143;4;0,754;3,017;1,000;0,121;0;0,000;0,000;0,000;0,000;1,000
433;j6044_3.sm;0;0;87;CPM;0;87;1;0;87;1;0;87;346;60;2,083;0,444;0,186;0,318;0,031;0,793;0,182;4;0,754;3,017;1,000;0,122;0;0,000;0,000;0,000;0,000;1,000
434;j6044_4.sm;0;0;77;CPM;0;77;1;0;77;1;0;77;365;60;2,083;0,467;0,186;0,273;0,039;0,796;0,153;4;0,754;3,017;1,000;0,127;0;0,000;0,000;0,000;0,000;1,000
435;j6044_5.sm;0;0;74;CPM;0;74;1;0;74;1;0;74;306;60;2,083;0,493;0,203;0,232;0,038;0,785;0,195;4;0,754;3,017;1,000;0,151;0;0,000;0,000;0,000;0,000;1,000
436;j6044_6.sm;0;0;81;CPM;0;81;1;0;81;1;0;81;320;60;2,083;0,451;0,203;0,316;0,033;0,803;0,255;4;0,754;3,017;1,000;0,123;0;0,000;0,000;0,000;0,000;1,000
437;j6044_7.sm;0;0;76;CPM;0;76;1;0;76;1;0;76;299;60;2,083;0,472;0,186;0,273;0,050;0,829;0,140;4;0,754;3,017;1,000;0,114;0;0,000;0,000;0,000;0,000;1,000
438;j6044_8.sm;0;0;83;CPM;0;83;1;0;83;1;0;83;319;60;2,083;0,438;0,203;0,316;0,026;0,802;0,229;4;0,754;3,017;1,000;0,139;0;0,000;0,000;0,000;0,000;1,000
439;j6044_9.sm;0;0;65;CPM;0;65;1;0;65;1;0;65;325;60;2,083;0,411;0,169;0,388;0,042;0,851;0,169;4;0,754;3,017;1,000;0,124;0;0,000;0,000;0,000;0,000;1,000
440;j6044_10.sm;0;0;65;CPM;0;65;1;0;65;1;0;65;300;60;2,083;0,453;0,169;0,218;0,040;0,763;0,139;4;0,754;3,017;1,000;0,128;0;0,000;0,000;0,000;0,000;1,000
441;j6045_1.sm;0;0;96;7;12836260;96;3;9000;96;7;12836260;71;305;60;2,083;0,430;0,186;0,273;0,038;0,785;0,210;4;1,000;4,000;0,204;0,260;0;0,000;0,000;0,000;0,000;1,000
442;j6045_2.sm;0;0;144;7;521836;144;3;77000;144;7;521836;78;371;60;2,083;0,448;0,186;0,205;0,046;0,774;0,165;4;1,000;4,000;0,198;0,305;0;0,000;0,000;0,000;0,000;1,000
443;j6045_3.sm;0;0;143;7;3674024;143;7;3674024;143;7;3674024;86;363;60;2,083;0,449;0,203;0,445;0,043;0,842;0,209;4;1,000;4,000;0,198;0,308;0;0,000;0,000;0,000;0,000;1,000
444;j6045_4.sm;0;0;108;7;1721556;108;3;9000;108;7;1721556;60;289;60;2,083;0,458;0,169;0,253;0,044;0,815;0,102;4;1,000;4,000;0,205;0,299;0;0,000;0,000;0,000;0,000;1,000
445;j6045_5.sm;0;0;106;7;26815840;106;3;9000;106;7;26815840;60;310;60;2,083;0,430;0,186;0,295;0,043;0,822;0,210;4;1,000;4,000;0,198;0,281;0;0,000;0,000;0,000;0,000;1,000
446;j6045_6.sm;0;0;144;7;2101074;144;3;9000;144;7;2101074;80;382;60;2,083;0,458;0,169;0,196;0,041;0,779;0,124;4;1,000;4,000;0,202;0,302;0;0,000;0,000;0,000;0,000;1,000
447;j6045_7.sm;0;0;122;7;956094;122;3;9000;122;7;956094;74;305;60;2,083;0,450;0,203;0,223;0,054;0,786;0,220;4;1,000;4,000;0,195;0,297;0;0,000;0,000;0,000;0,000;1,000
448;j6045_8.sm;0;0;129;7;459982;129;3;9000;129;7;459982;79;362;60;2,083;0,485;0,203;0,330;0,039;0,802;0,200;4;1,000;4,000;0,199;0,287;0;0,000;0,000;0,000;0,000;1,000
449;j6045_9.sm;0;0;123;7;3166992;123;3;9000;123;7;3166992;78;328;60;2,083;0,447;0,169;0,276;0,035;0,807;0,147;4;1,000;4,000;0,207;0,297;0;0,000;0,000;0,000;0,000;1,000
450;j6045_10.sm;0;0;114;7;6269635;114;3;9000;114;7;6269635;61;312;60;2,083;0,432;0,169;0,298;0,035;0,807;0,114;4;1,000;4,000;0,206;0,288;0;0,000;0,000;0,000;0,000;1,000
451;j6046_1.sm;0;0;79;1;5926;79;1;5926;79;1;5926;78;320;60;2,083;0,475;0,203;0,246;0,029;0,770;0,190;4;1,000;4,000;0,511;0,177;0;0,000;0,000;0,000;0,000;1,000
452;j6046_2.sm;0;0;78;CPM;0;78;1;0;78;1;0;78;338;60;2,083;0,434;0,186;0,227;0,030;0,791;0,201;4;1,000;4,000;0,506;0,165;0;0,000;0,000;0,000;0,000;1,000
453;j6046_3.sm;0;0;79;CPM;0;79;1;10556;79;1;10556;79;321;60;2,083;0,436;0,169;0,276;0,044;0,825;0,139;4;1,000;4,000;0,503;0,183;0;0,000;0,000;0,000;0,000;1,000
454;j6046_4.sm;0;0;74;4;0;74;3;9000;74;4;0;71;329;60;2,083;0,449;0,220;0,311;0,049;0,809;0,284;4;1,000;4,000;0,503;0,166;0;0,000;0,000;0,000;0,000;1,000
455;j6046_5.sm;0;0;91;1;554050;91;1;65022;91;1;554050;82;350;60;2,083;0,507;0,220;0,288;0,053;0,804;0,204;4;1,000;4,000;0,503;0,182;0;0,000;0,000;0,000;0,000;1,000
456;j6046_6.sm;0;0;90;1;61930;90;1;60373;90;1;61930;87;308;60;2,083;0,499;0,237;0,286;0,028;0,792;0,202;4;1,000;4,000;0,513;0,216;0;0,000;0,000;0,000;0,000;1,000
457;j6046_7.sm;0;0;78;4;0;78;1;3601710;78;4;0;75;310;60;2,083;0,459;0,186;0,205;0,039;0,762;0,163;4;1,000;4,000;0,503;0,188;0;0,000;0,000;0,000;0,000;1,000
458;j6046_8.sm;0;0;75;1;43498;75;1;43498;75;1;43498;72;347;60;2,083;0,445;0,203;0,353;0,029;0,799;0,236;4;1,000;4,000;0,506;0,172;0;0,000;0,000;0,000;0,000;1,000
459;j6046_9.sm;0;0;69;4;0;69;1;3600660;69;4;0;60;329;60;2,083;0,460;0,169;0,331;0,059;0,843;0,131;4;1,000;4,000;0,502;0,154;0;0,000;0,000;0,000;0,000;1,000
460;j6046_10.sm;0;0;88;4;0;88;3;9000;88;4;0;79;345;60;2,083;0,508;0,237;0,262;0,044;0,776;0,235;4;1,000;4,000;0,504;0,198;0;0,000;0,000;0,000;0,000;1,000
461;j6047_1.sm;0;0;75;CPM;0;75;1;0;75;1;0;75;343;60;2,083;0,417;0,186;0,273;0,028;0,793;0,237;4;1,000;4,000;0,696;0,126;0;0,000;0,000;0,000;0,000;1,000
462;j6047_2.sm;0;0;66;CPM;0;66;1;0;66;1;0;66;338;60;2,083;0,411;0,203;0,353;0,040;0,814;0,268;4;1,000;4,000;0,697;0,123;0;0,000;0,000;0,000;0,000;1,000
463;j6047_3.sm;0;0;69;CPM;0;69;1;1;69;1;1;69;323;60;2,083;0,463;0,203;0,238;0,044;0,763;0,190;4;1,000;4,000;0,706;0,149;0;0,000;0,000;0,000;0,000;1,000
464;j6047_4.sm;0;0;76;CPM;0;76;1;0;76;1;0;76;316;60;2,083;0,477;0,237;0,262;0,043;0,778;0,268;4;1,000;4,000;0,700;0,144;0;0,000;0,000;0,000;0,000;1,000
465;j6047_5.sm;0;0;87;CPM;0;87;1;0;87;1;0;87;327;60;2,083;0,480;0,203;0,255;0,048;0,799;0,163;4;1,000;4,000;0,704;0,160;0;0,000;0,000;0,000;0,000;1,000
466;j6047_6.sm;0;0;76;CPM;0;76;1;0;76;1;0;76;323;60;2,083;0,450;0,203;0,238;0,038;0,777;0,232;4;1,000;4,000;0,708;0,142;0;0,000;0,000;0,000;0,000;1,000
467;j6047_7.sm;0;0;68;CPM;0;68;1;0;68;1;0;68;334;60;2,083;0,457;0,169;0,241;0,033;0,804;0,112;4;1,000;4,000;0,705;0,132;0;0,000;0,000;0,000;0,000;1,000
468;j6047_8.sm;0;0;71;CPM;0;71;1;0;71;1;0;71;307;60;2,083;0,499;0,203;0,177;0,039;0,770;0,181;4;1,000;4,000;0,702;0,155;0;0,000;0,000;0,000;0,000;1,000
469;j6047_9.sm;0;0;76;CPM;0;76;1;0;76;1;0;76;323;60;2,083;0,447;0,169;0,276;0,036;0,807;0,122;4;1,000;4,000;0,702;0,140;0;0,000;0,000;0,000;0,000;1,000
470;j6047_10.sm;0;0;66;CPM;0;66;1;0;66;1;0;66;321;60;2,083;0,460;0,186;0,295;0,047;0,818;0,172;4;1,000;4,000;0,700;0,137;0;0,000;0,000;0,000;0,000;1,000
471;j6048_1.sm;0;0;71;CPM;0;71;1;0;71;1;0;71;333;60;2,083;0,433;0,169;0,286;0,046;0,822;0,171;4;1,000;4,000;1,000;0,087;0;0,000;0,000;0,000;0,000;1,000
472;j6048_2.sm;0;0;87;CPM;0;87;1;0;87;1;0;87;300;60;2,083;0,482;0,220;0,241;0,046;0,794;0,209;4;1,000;4,000;1,000;0,112;0;0,000;0,000;0,000;0,000;1,000
473;j6048_3.sm;0;0;84;CPM;0;84;1;0;84;1;0;84;387;60;2,083;0,439;0,186;0,341;0,037;0,838;0,235;4;1,000;4,000;1,000;0,108;0;0,000;0,000;0,000;0,000;1,000
474;j6048_4.sm;0;0;62;CPM;0;62;1;0;62;1;0;62;303;60;2,083;0,449;0,169;0,208;0,076;0,776;0,133;4;1,000;4,000;1,000;0,107;0;0,000;0,000;0,000;0,000;1,000
475;j6048_5.sm;0;0;101;CPM;0;101;1;0;101;1;0;101;337;60;2,083;0,482;0,220;0,311;0,042;0,786;0,196;4;1,000;4,000;1,000;0,123;0;0,000;0,000;0,000;0,000;1,000
476;j6048_6.sm;0;0;66;CPM;0;66;1;0;66;1;0;66;320;60;2,083;0,440;0,169;0,320;0,058;0,820;0,131;4;1,000;4,000;1,000;0,115;0;0,000;0,000;0,000;0,000;1,000
477;j6048_7.sm;0;0;77;CPM;0;77;1;0;77;1;0;77;351;60;2,083;0,451;0,186;0,318;0,055;0,818;0,220;4;1,000;4,000;1,000;0,108;0;0,000;0,000;0,000;0,000;1,000
478;j6048_8.sm;0;0;88;CPM;0;88;1;0;88;1;0;88;337;60;2,083;0,446;0,203;0,209;0,025;0,783;0,218;4;1,000;4,000;1,000;0,123;0;0,000;0,000;0,000;0,000;1,000
479;j6048_9.sm;0;0;82;CPM;0;82;1;0;82;1;0;82;317;60;2,083;0,447;0,220;0,311;0,041;0,767;0,268;4;1,000;4,000;1,000;0,110;0;0,000;0,000;0,000;0,000;1,000
480;j6048_10.sm;0;0;70;CPM;0;70;1;0;70;1;0;70;311;60;2,083;0,456;0,186;0,205;0,045;0,774;0,167;4;1,000;4,000;1,000;0,115;0;0,000;0,000;0,000;0,000;1,000
# Record sets:
ID;1
# Author(s); Demeulemeester, E. and Herroelen, W.
# Reference; Demeulemeester, E. and Herroelen, W. (1992). A branch-and-bound procedure for the multiple resource-constrained project scheduling problem. Management Science, 38:18031818.
# Date; 1992/01/01
# Hardware / software; i7, 16GB, 2GHz, C++, Visual Studio 2015 (x64), Windows 10
# Stop criteria;1m and 1h runs
# Submission date; 2016/01/01
ID;2
# Author(s); Klein, R. and Scholl, A.
# Reference;Klein, R. and Scholl, A. (1999). Computing lower bounds by destructive improvement: An application to resource-constrained project scheduling. European Journal of Operational Research, 112:322?346
# Date; 1999/01/01
# Hardware / software; i7, 16GB, 2GHz, C++, Visual Studio 2015 (x64), Windows 10
# Stop criteria;none
# Submission date; 2016/01/01
ID;3
# Author(s); Debels, D. and Vanhoucke, M.
# Reference; Debels, D. and Vanhoucke, M. (2007). A decomposition-based genetic algorithm for the resource-constrained project scheduling problems. Operations Research, 55:457-469.
# Date; 2007/01/01
# Hardware / software; Stevin Supercomputer Infrastructure, C++, compiler intel/2017.02, Linux
# Stop criteria;cumulated results from several runs, on open instances only. Maximal run: 1000 runs x 500k schedules
# Submission date; 2017/5/21
ID;4
# Author(s);Schutt, A., Feydy, T., Stuckey, P.J., Wallace, M.G.
# Reference;"Schutt, A., Feydy, T., Stuckey, P.J., Wallace, M.G. (2011) ""Explaining the cumulative propagator"". Constraints 16: 250. https://doi.org/10.1007/s10601-010-9103-2"
# Date; 2011/07/01
# Hardware / software;X86-64 architecture running GNU/Linux and a Intel(R) Xeon(R) CPU E54052 processor with 2 GHz. Code in Mercury using the G12 Constraint Programming Platform
# Stop criteria(s);10 min, results reported in the paper as new results at the time of publication
# Submission date; 2019/10/28
ID;5
# Author(s);Petr Vil?m
# Reference;Vil?m, P. (2011). Timetable Edge Finding Filtering Algorithm for Discrete Cumulative Resources. International Conference on AI and OR Techniques in Constriant Programming for Combinatorial Optimization Problems, 16. https://doi.org/10.1007/978-3-642-21311-3_22
# Date;2011
# Hardware / software;Intel(R) Core(TM)2 Duo CPU T9400 on 2.53GHz
# Stop criteria;time limit for each improvement step is 60 seconds
# Submission date;2021
ID;6
# Author(s); Coelho, J. and Vanhoucke, M.
# Reference;"Coelho, Jose, Vanhoucke, Mario. 2018. ""An exact composite lower bound strategy for the resource-constrained project scheduling problem"", Computers & Operations Research 93, 1: 135 - 150. doi: 10.1016/j.cor.2018.01.017"
# Date; 2017/06/01
# Hardware / software; STEVIN HPC-UGent infrastructure, C++, compiler intel/2017.02, Linux
# Stop criteria(s);Best results from all runs, with maximal run time of 1h
# Submission date; 2017/12/30
ID;7
# Author(s);Creemers, Stefan
# Reference;Creemers Stefan, 2021, The resource-constrained project scheduling problem: New benchmark results, 17th International Workshop on Project Management and Scheduling (PMS 2021), Toulouse (France), April 21-23, 2021.
# Date; 2022/09/05
# Hardware / software;Coded in C++, compiled in Visual Studio 2019 (64 bit), and run on a single thread of an Intel I5-4590K CPU running at 3.3GHz with 32GB of RAM using Windows 7.
# Stop criteria(s);memory shortage.
# Submission date; 2023/09/17
ID;8
# Author(s);PSPLIB report
# Reference;Check PSPLIB website: http://www.om-db.wi.tum.de/psplib
# Date; 1999/01/01
# Hardware / software;Not reported
# Stop criteria;Results reported from several authors, UBs, LBs and optimal runs
# Submission date; 2017/01/01
