Title;MMLIB 100
Description;"Van Peteghem, V. and Vanhoucke, M., 2014, ""An experimental investigation of metaheuristics for the multi-mode resource-constrained project scheduling problem on new dataset instances"", European Journal of Operational Research, 235(1), 62–72 (doi:10.1016/j.ejor.2013.10.012)."
Number;540
Format;mm
ID;Ref1;Ref2;Ref3;LB value;LB ref;LB time;UB value;UB ref;UB time;OPT value;OPT ref;OPT time;CPM;Sum PT;# Act;CNC;OS;SP/I2;AD/I3;LA/I4;I5;TF/I6;# RR;RF/RR;RU/RR;RS/RR;RC/RR;# NR;RF/NR;RU/NR;RS/NR;RC/NR;# Modes
1;J1001_1.mm;0;0;28;2;7200160;28;4;62415;28;4;62415;24;772;100;6,860;0,256;0,040;0,329;0,090;0,702;0,329;4;0,880;1,760;0,247;0,064;0;0,855;1,710;0,249;0,018;3,000
2;J1001_2.mm;0;0;31;3;0;31;4;39780644;31;4;39780644;24;776;100;7,110;0,257;0,040;0,342;0,092;0,711;0,376;4;0,885;1,770;0,246;0,068;0;0,840;1,680;0,245;0,019;3,000
3;J1001_3.mm;0;0;33;4;45427469;33;4;45427469;33;4;45427469;23;816;100;7,030;0,256;0,040;0,263;0,077;0,674;0,308;4;0,875;1,750;0,246;0,070;0;0,815;1,630;0,243;0,018;3,000
4;J1001_4.mm;0;0;35;4;475587;35;4;475587;35;4;475587;21;806;100;6,810;0,255;0,040;0,237;0,071;0,627;0,258;4;0,870;1,740;0,239;0,075;0;0,860;1,720;0,244;0,018;3,000
5;J1001_5.mm;0;0;35;3;0;40;1;1658000;0;0;0;23;832;100;6,440;0,256;0,040;0,171;0,064;0,556;0,245;4;0,905;1,810;0,249;0,077;0;0,835;1,670;0,245;0,019;3,000
6;J1002_1.mm;0;0;28;4;2331084;28;4;2331084;28;4;2331084;24;786;100;6,520;0,256;0,040;0,237;0,072;0,593;0,274;4;0,895;1,790;0,240;0,069;0;1,000;2,000;0,257;0,011;3,000
7;J1002_2.mm;0;0;25;3;0;25;4;5241479;25;4;5241479;22;796;100;6,870;0,256;0,040;0,211;0,072;0,603;0,297;4;0,895;1,790;0,249;0,067;0;1,000;2,000;0,258;0,011;3,000
8;J1002_3.mm;0;0;27;3;0;28;6;0;0;0;0;25;794;100;6,800;0,256;0,040;0,224;0,074;0,642;0,282;4;0,885;1,770;0,253;0,071;0;1,000;2,000;0,253;0,011;3,000
9;J1002_4.mm;0;0;25;3;0;25;6;0;0;0;0;20;805;100;6,680;0,256;0,040;0,197;0,069;0,574;0,311;4;0,885;1,770;0,247;0,067;0;1,000;2,000;0,256;0,011;3,000
10;J1002_5.mm;0;0;26;3;0;26;4;14328;26;4;14328;25;791;100;6,490;0,255;0,040;0,276;0,084;0,681;0,276;4;0,915;1,830;0,246;0,064;0;1,000;2,000;0,252;0,011;3,000
11;J1003_1.mm;0;0;24;CPM;0;24;1;1724000;24;4;4602;24;809;100;6,840;0,257;0,040;0,237;0,074;0,643;0,282;4;0,855;1,710;0,251;0,071;0;0,915;1,830;0,499;0,010;3,000
12;J1003_2.mm;0;0;22;CPM;0;22;4;3073806;22;4;3073806;22;823;100;6,850;0,256;0,040;0,316;0,087;0,711;0,334;4;0,875;1,750;0,248;0,070;0;0,870;1,740;0,499;0,011;3,000
13;J1003_3.mm;0;0;21;CPM;0;21;1;1500000;21;4;11882;21;774;100;6,750;0,255;0,040;0,250;0,058;0,619;0,300;4;0,860;1,720;0,255;0,064;0;0,845;1,690;0,498;0,011;3,000
14;J1003_4.mm;0;0;22;CPM;0;22;1;1641000;22;4;5687;22;786;100;6,450;0,255;0,051;0,357;0,073;0,709;0,402;4;0,865;1,730;0,260;0,068;0;0,895;1,790;0,502;0,011;3,000
15;J1003_5.mm;0;0;23;CPM;0;23;1;1647000;23;4;7785;23;777;100;6,090;0,256;0,051;0,204;0,052;0,591;0,323;4;0,880;1,760;0,249;0,075;0;0,895;1,790;0,500;0,011;3,000
16;J1004_1.mm;0;0;26;CPM;0;26;1;1439000;26;4;11699;26;794;100;6,670;0,256;0,040;0,250;0,071;0,661;0,316;4;0,885;1,770;0,245;0,072;0;1,000;2,000;0,502;0,010;3,000
17;J1004_2.mm;0;0;22;3;0;23;6;0;0;0;0;21;820;100;6,850;0,256;0,040;0,237;0,060;0,588;0,295;4;0,865;1,730;0,247;0,068;0;1,000;2,000;0,506;0,010;3,000
18;J1004_3.mm;0;0;25;CPM;0;25;1;1393000;25;4;3927;25;771;100;6,690;0,256;0,040;0,211;0,062;0,551;0,295;4;0,880;1,760;0,247;0,064;0;1,000;2,000;0,501;0,010;3,000
19;J1004_4.mm;0;0;23;CPM;0;23;1;1388000;23;4;9371;23;786;100;6,690;0,256;0,040;0,211;0,062;0,551;0,295;4;0,860;1,720;0,247;0,067;0;1,000;2,000;0,507;0,010;3,000
20;J1004_5.mm;0;0;25;CPM;0;25;1;1432000;25;4;10134;25;778;100;6,780;0,255;0,040;0,263;0,084;0,637;0,292;4;0,900;1,800;0,238;0,053;0;1,000;2,000;0,499;0,010;3,000
21;J1005_1.mm;0;0;22;CPM;0;22;1;1113000;22;4;2524;22;791;100;7,120;0,256;0,030;0,097;0,083;0,553;0,135;4;0,880;1,760;0,224;0,068;0;0,845;1,690;0,747;0,008;3,000
22;J1005_2.mm;0;0;23;CPM;0;23;1;1242000;23;4;5718;23;793;100;6,610;0,256;0,040;0,184;0,076;0,595;0,216;4;0,850;1,700;0,248;0,078;0;0,910;1,820;0,748;0,007;3,000
23;J1005_3.mm;0;0;22;3;0;22;4;305604;22;4;305604;19;819;100;6,250;0,256;0,051;0,272;0,046;0,662;0,385;4;0,930;1,860;0,243;0,072;0;0,885;1,770;0,750;0,007;3,000
24;J1005_4.mm;0;0;20;CPM;0;20;6;0;0;0;0;20;799;100;6,810;0,256;0,030;0,167;0,096;0,597;0,135;4;0,905;1,810;0,233;0,069;0;0,900;1,800;0,748;0,007;3,000
25;J1005_5.mm;0;0;20;CPM;0;20;1;1094000;20;4;2279;20;819;100;6,780;0,255;0,040;0,237;0,053;0,524;0,216;4;0,890;1,780;0,248;0,058;0;0,880;1,760;0,749;0,008;3,000
26;J1006_1.mm;0;0;25;CPM;0;25;1;1214000;25;4;3074;25;816;100;6,510;0,255;0,040;0,197;0,050;0,537;0,263;4;0,875;1,750;0,247;0,058;0;1,000;2,000;0,752;0,009;3,000
27;J1006_2.mm;0;0;23;CPM;0;23;1;1294000;23;4;5494;23;768;100;6,480;0,256;0,040;0,355;0,091;0,728;0,358;4;0,865;1,730;0,255;0,067;0;1,000;2,000;0,752;0,009;3,000
28;J1006_3.mm;0;0;19;CPM;0;20;1;1207000;0;0;0;19;811;100;7,410;0,255;0,030;0,125;0,075;0,483;0,156;4;0,885;1,770;0,248;0,064;0;1,000;2,000;0,751;0,009;3,000
29;J1006_4.mm;0;0;22;CPM;0;22;1;1191000;22;4;2690;22;744;100;7,020;0,255;0,040;0,263;0,057;0,603;0,321;4;0,855;1,710;0,246;0,067;0;1,000;2,000;0,747;0,009;3,000
30;J1006_5.mm;0;0;23;CPM;0;23;1;1304000;23;4;69505;23;811;100;6,650;0,256;0,040;0,250;0,079;0,659;0,268;4;0,875;1,750;0,237;0,075;0;1,000;2,000;0,751;0,009;3,000
31;J1007_1.mm;0;0;42;3;0;44;1;1481000;0;0;0;21;814;100;6,910;0,255;0,040;0,184;0,062;0,580;0,284;4;1,000;2,000;0,277;0,086;0;0,805;1,610;0,248;0,018;3,000
32;J1007_2.mm;0;0;45;3;0;48;1;1542000;0;0;0;26;775;100;6,690;0,256;0,040;0,237;0,068;0,588;0,295;4;1,000;2,000;0,249;0,101;0;0,815;1,630;0,246;0,018;3,000
33;J1007_3.mm;0;0;50;3;0;52;1;1631000;0;0;0;19;795;100;6,600;0,257;0,040;0,197;0,071;0,589;0,324;4;1,000;2,000;0,252;0,106;0;0,825;1,650;0,243;0,018;3,000
34;J1007_4.mm;0;0;49;3;0;51;1;1580000;0;0;0;28;799;100;6,830;0,255;0,040;0,355;0,099;0,733;0,287;4;1,000;2,000;0,248;0,093;0;0,815;1,630;0,244;0,018;3,000
35;J1007_5.mm;0;0;44;3;0;45;5;4115;0;0;0;25;826;100;7,030;0,255;0,040;0,263;0,075;0,617;0,337;4;1,000;2,000;0,248;0,087;0;0,820;1,640;0,244;0,018;3,000
36;J1008_1.mm;0;0;37;3;0;40;5;4801;0;0;0;17;808;100;6,960;0,256;0,040;0,250;0,068;0,645;0,308;4;1,000;2,000;0,249;0,094;0;1,000;2,000;0,252;0,011;3,000
37;J1008_2.mm;0;0;41;3;0;44;1;1418000;0;0;0;22;817;100;6,720;0,256;0,040;0,316;0,068;0,668;0,311;4;1,000;2,000;0,250;0,091;0;1,000;2,000;0,253;0,011;3,000
38;J1008_3.mm;0;0;49;3;0;53;1;1462000;0;0;0;21;801;100;7,030;0,256;0,040;0,158;0,054;0,561;0,258;4;1,000;2,000;0,233;0,116;0;1,000;2,000;0,255;0,011;3,000
39;J1008_4.mm;0;0;42;3;0;45;1;1323000;0;0;0;34;819;100;6,480;0,256;0,051;0,383;0,073;0,719;0,430;4;1,000;2,000;0,249;0,095;0;1,000;2,000;0,251;0,011;3,000
40;J1008_5.mm;0;0;47;3;0;49;5;4801;0;0;0;23;823;100;6,660;0,255;0,051;0,396;0,082;0,744;0,357;4;1,000;2,000;0,247;0,103;0;1,000;2,000;0,257;0,011;3,000
41;J1009_1.mm;0;0;28;3;0;29;1;16154000;0;0;0;19;797;100;7,060;0,256;0,040;0,289;0,084;0,632;0,332;4;1,000;2,000;0,248;0,079;0;0,860;1,720;0,498;0,011;3,000
42;J1009_2.mm;0;0;33;Capacity LB;0;36;1;1457000;0;0;0;25;788;100;6,590;0,256;0,051;0,349;0,058;0,713;0,404;4;1,000;2,000;0,249;0,111;0;0,880;1,760;0,502;0,011;3,000
43;J1009_3.mm;0;0;32;Capacity LB;0;33;1;1485000;0;0;0;23;785;100;6,920;0,255;0,040;0,237;0,096;0,673;0,282;4;1,000;2,000;0,285;0,091;0;0,890;1,780;0,499;0,011;3,000
44;J1009_4.mm;0;0;35;Capacity LB;0;37;1;1448000;0;0;0;27;833;100;6,580;0,256;0,040;0,250;0,061;0,658;0,250;4;1,000;2,000;0,250;0,103;0;0,865;1,730;0,502;0,011;3,000
45;J1009_5.mm;0;0;33;3;0;34;5;3687;0;0;0;24;791;100;6,560;0,256;0,040;0,276;0,064;0,595;0,234;4;1,000;2,000;0,247;0,094;0;0,870;1,740;0,498;0,011;3,000
46;J10010_1.mm;0;0;28;3;0;29;1;1387000;0;0;0;20;804;100;7,480;0,256;0,040;0,276;0,079;0,626;0,376;4;1,000;2,000;0,248;0,080;0;1,000;2,000;0,499;0,010;3,000
47;J10010_2.mm;0;0;33;3;0;34;1;16282000;0;0;0;22;790;100;6,640;0,256;0,040;0,184;0,061;0,559;0,308;4;1,000;2,000;0,249;0,088;0;1,000;2,000;0,506;0,010;3,000
48;J10010_3.mm;0;0;30;3;0;33;1;1395000;0;0;0;24;773;100;7,020;0,256;0,030;0,139;0,083;0,473;0,153;4;1,000;2,000;0,248;0,088;0;1,000;2,000;0,503;0,010;3,000
49;J10010_4.mm;0;0;30;3;0;31;1;1278000;0;0;0;19;799;100;6,730;0,255;0,040;0,289;0,092;0,679;0,334;4;1,000;2,000;0,248;0,092;0;1,000;2,000;0,503;0,010;3,000
50;J10010_5.mm;0;0;28;3;0;30;1;1355000;0;0;0;19;746;100;6,590;0,256;0,040;0,250;0,060;0,599;0,289;4;1,000;2,000;0,248;0,087;0;1,000;2,000;0,500;0,010;3,000
51;J10011_1.mm;0;0;32;3;0;33;1;1016000;0;0;0;28;790;100;7,230;0,256;0,040;0,224;0,075;0,631;0,292;4;1,000;2,000;0,247;0,103;0;0,885;1,770;0,748;0,008;3,000
52;J10011_2.mm;0;0;38;Capacity LB;0;41;1;954000;0;0;0;23;802;100;6,960;0,257;0,040;0,211;0,061;0,615;0,287;4;1,000;2,000;0,230;0,114;0;0,850;1,700;0,750;0,008;3,000
53;J10011_3.mm;0;0;30;3;0;31;1;960000;0;0;0;20;806;100;6,810;0,256;0,051;0,396;0,089;0,720;0,455;4;1,000;2,000;0,248;0,083;0;0,845;1,690;0,750;0,008;3,000
54;J10011_4.mm;0;0;38;Capacity LB;0;40;1;991000;0;0;0;24;811;100;6,090;0,256;0,051;0,204;0,052;0,591;0,323;4;1,000;2,000;0,253;0,109;0;0,875;1,750;0,749;0,008;3,000
55;J10011_5.mm;0;0;31;Capacity LB;0;31;1;1208000;31;4;287685;23;800;100;6,960;0,255;0,040;0,211;0,072;0,605;0,250;4;1,000;2,000;0,249;0,093;0;0,865;1,730;0,750;0,008;3,000
56;J10012_1.mm;0;0;38;Capacity LB;0;41;1;1228000;0;0;0;25;832;100;6,260;0,257;0,051;0,285;0,052;0,665;0,387;4;1,000;2,000;0,225;0,108;0;1,000;2,000;0,747;0,009;3,000
57;J10012_2.mm;0;0;32;Capacity LB;0;34;1;1152000;0;0;0;22;819;100;7,000;0,256;0,030;0,083;0,070;0,510;0,156;4;1,000;2,000;0,247;0,095;0;1,000;2,000;0,749;0,009;3,000
58;J10012_3.mm;0;0;30;Capacity LB;0;32;1;1236000;0;0;0;19;820;100;6,330;0,255;0,040;0,237;0,069;0,609;0,287;4;1,000;2,000;0,247;0,092;0;1,000;2,000;0,748;0,009;3,000
59;J10012_4.mm;0;0;40;Capacity LB;0;42;1;1307000;0;0;0;22;829;100;6,530;0,255;0,040;0,224;0,062;0,636;0,250;4;1,000;2,000;0,246;0,109;0;1,000;2,000;0,750;0,009;3,000
60;J10012_5.mm;0;0;28;Capacity LB;0;29;1;1183000;0;0;0;23;807;100;7,170;0,255;0,040;0,316;0,087;0,660;0,339;4;1,000;2,000;0,248;0,087;0;1,000;2,000;0,749;0,009;3,000
61;J10013_1.mm;0;0;33;2;790;33;1;2946000;33;4;4728;23;781;100;6,230;0,255;0,051;0,294;0,066;0,662;0,349;4;0,910;1,820;0,467;0,037;0;0,850;1,700;0,245;0,018;3,000
62;J10013_2.mm;0;0;26;2;3020;26;4;6850;26;4;6850;19;801;100;6,510;0,256;0,040;0,289;0,091;0,664;0,350;4;0,870;1,740;0,497;0,037;0;0,830;1,660;0,247;0,018;3,000
63;J10013_3.mm;0;0;32;2;4180;32;4;3111;32;4;3111;26;819;100;6,760;0,256;0,040;0,224;0,070;0,653;0,318;4;0,875;1,750;0,500;0,039;0;0,825;1,650;0,245;0,018;3,000
64;J10013_4.mm;0;0;32;2;2250;32;4;3303;32;4;3303;20;816;100;6,710;0,255;0,040;0,250;0,071;0,658;0,289;4;0,885;1,770;0,498;0,034;0;0,825;1,650;0,244;0,019;3,000
65;J10013_5.mm;0;0;31;2;630;31;4;3447;31;4;3447;24;801;100;6,790;0,255;0,051;0,345;0,064;0,695;0,402;4;0,895;1,790;0,498;0,037;0;0,825;1,650;0,243;0,018;3,000
66;J10014_1.mm;0;0;22;2;23200;22;4;2193;22;4;2193;21;780;100;6,520;0,256;0,040;0,158;0,062;0,552;0,289;4;0,865;1,730;0,498;0,045;0;1,000;2,000;0,252;0,011;3,000
67;J10014_2.mm;0;0;23;2;21980;23;4;2189;23;4;2189;22;787;100;7,010;0,256;0,040;0,237;0,071;0,637;0,308;4;0,890;1,780;0,477;0,042;0;1,000;2,000;0,249;0,011;3,000
68;J10014_3.mm;0;0;21;2;99360;21;4;3477;21;4;3477;17;796;100;6,850;0,256;0,040;0,316;0,087;0,711;0,334;4;0,880;1,760;0,500;0,042;0;1,000;2,000;0,252;0,011;3,000
69;J10014_4.mm;0;0;29;CPM;0;29;1;1345000;29;4;1619;29;805;100;6,520;0,256;0,040;0,184;0,054;0,571;0,271;4;0,885;1,770;0,500;0,041;0;1,000;2,000;0,254;0,011;3,000
70;J10014_5.mm;0;0;26;CPM;0;26;1;1418000;26;4;2316;26;769;100;6,560;0,255;0,040;0,211;0,064;0,637;0,268;4;0,830;1,660;0,500;0,047;0;1,000;2,000;0,260;0,011;3,000
71;J10015_1.mm;0;0;23;CPM;0;23;1;1617000;23;4;2312;23;773;100;6,610;0,256;0,051;0,298;0,045;0,636;0,398;4;0,905;1,810;0,498;0,037;0;0,885;1,770;0,499;0,011;3,000
72;J10015_2.mm;0;0;23;CPM;0;23;1;1641000;23;4;1079;23;817;100;6,840;0,257;0,040;0,329;0,083;0,685;0,305;4;0,870;1,740;0,500;0,038;0;0,890;1,780;0,500;0,011;3,000
73;J10015_3.mm;0;0;25;CPM;0;25;1;1600000;25;4;2232;25;812;100;6,480;0,256;0,040;0,355;0,091;0,728;0,358;4;0,885;1,770;0,498;0,033;0;0,895;1,790;0,500;0,010;3,000
74;J10015_4.mm;0;0;24;CPM;0;24;1;1738000;24;4;1194;24;810;100;6,620;0,255;0,040;0,303;0,059;0,650;0,292;4;0,885;1,770;0,502;0,033;0;0,915;1,830;0,502;0,010;3,000
75;J10015_5.mm;0;0;26;CPM;0;26;1;1286000;26;4;2018;26;792;100;6,480;0,255;0,051;0,311;0,066;0,698;0,343;4;0,900;1,800;0,532;0,037;0;0,790;1,580;0,500;0,012;3,000
76;J10016_1.mm;0;0;24;CPM;0;24;1;1381000;24;4;2051;24;783;100;6,710;0,255;0,040;0,224;0,063;0,576;0,250;4;0,900;1,800;0,498;0,035;0;1,000;2,000;0,507;0,010;3,000
77;J10016_2.mm;0;0;21;CPM;0;21;4;879;21;4;879;21;800;100;6,830;0,255;0,040;0,342;0,091;0,704;0,342;4;0,890;1,780;0,496;0,036;0;1,000;2,000;0,501;0,010;3,000
78;J10016_3.mm;0;0;23;CPM;0;23;1;1608000;23;4;2630;23;807;100;6,630;0,256;0,040;0,276;0,075;0,669;0,308;4;0,885;1,770;0,498;0,041;0;1,000;2,000;0,505;0,010;3,000
79;J10016_4.mm;0;0;28;CPM;0;28;1;1484000;28;4;2188;28;823;100;7,000;0,255;0,040;0,237;0,068;0,612;0,250;4;0,855;1,710;0,504;0,038;0;1,000;2,000;0,499;0,010;3,000
80;J10016_5.mm;0;0;22;CPM;0;22;1;1396000;22;4;883;22;830;100;6,270;0,256;0,051;0,217;0,053;0,600;0,368;4;0,860;1,720;0,524;0,041;0;1,000;2,000;0,498;0,010;3,000
81;J10017_1.mm;0;0;20;CPM;0;20;1;1068000;20;4;341;20;798;100;6,540;0,256;0,040;0,171;0,051;0,546;0,258;4;0,900;1,800;0,574;0,036;0;0,860;1,720;0,749;0,008;3,000
82;J10017_2.mm;0;0;19;CPM;0;19;1;1118000;19;4;212;19;790;100;6,520;0,256;0,040;0,184;0,054;0,571;0,271;4;0,895;1,790;0,500;0,039;0;0,900;1,800;0,748;0,007;3,000
83;J10017_3.mm;0;0;22;CPM;0;22;1;1114000;22;4;259;22;819;100;7,100;0,254;0,040;0,355;0,111;0,723;0,318;4;0,875;1,750;0,500;0,033;0;0,895;1,790;0,749;0,007;3,000
84;J10017_4.mm;0;0;23;CPM;0;23;1;1020000;23;4;252;23;799;100;6,320;0,256;0,040;0,158;0,059;0,592;0,239;4;0,870;1,740;0,523;0,044;0;0,870;1,740;0,748;0,008;3,000
85;J10017_5.mm;0;0;23;CPM;0;23;1;1144000;23;4;489;23;824;100;6,780;0,255;0,040;0,263;0,084;0,637;0,292;4;0,850;1,700;0,499;0,034;0;0,910;1,820;0,750;0,007;3,000
86;J10018_1.mm;0;0;20;CPM;0;20;1;1220000;20;4;580;20;783;100;7,260;0,257;0,030;0,111;0,072;0,470;0,146;4;0,860;1,720;0,476;0,040;0;1,000;2,000;0,750;0,009;3,000
87;J10018_2.mm;0;0;22;CPM;0;22;1;1103000;22;4;638;22;786;100;7,000;0,256;0,040;0,224;0,067;0,613;0,266;4;0,890;1,780;0,508;0,036;0;1,000;2,000;0,752;0,009;3,000
88;J10018_3.mm;0;0;19;CPM;0;19;1;1145000;19;4;1070;19;812;100;6,480;0,256;0,051;0,349;0,062;0,683;0,421;4;0,875;1,750;0,498;0,038;0;1,000;2,000;0,748;0,009;3,000
89;J10018_4.mm;0;0;18;CPM;0;18;1;1239000;18;4;693;18;786;100;7,130;0,256;0,040;0,250;0,060;0,645;0,305;4;0,880;1,760;0,488;0,043;0;1,000;2,000;0,751;0,009;3,000
90;J10018_5.mm;0;0;24;CPM;0;24;1;1115000;24;4;820;24;807;100;7,020;0,256;0,040;0,263;0,084;0,640;0,363;4;0,885;1,770;0,498;0,035;0;1,000;2,000;0,751;0,009;3,000
91;J10019_1.mm;0;0;29;2;7200000;29;4;14690;29;4;14690;21;762;100;6,870;0,255;0,040;0,316;0,086;0,684;0,324;4;1,000;2,000;0,495;0,052;0;0,855;1,710;0,247;0,018;3,000
92;J10019_2.mm;0;0;28;2;990;28;4;2535;28;4;2535;23;777;100;6,610;0,255;0,040;0,276;0,086;0,643;0,324;4;1,000;2,000;0,500;0,041;0;0,850;1,700;0,248;0,018;3,000
93;J10019_3.mm;0;0;30;3;0;30;4;34728;30;4;34728;21;777;100;6,890;0,256;0,040;0,224;0,081;0,640;0,313;4;1,000;2,000;0,500;0,055;0;0,835;1,670;0,243;0,018;3,000
94;J10019_4.mm;0;0;30;3;0;30;4;27064;30;4;27064;22;849;100;7,080;0,257;0,040;0,250;0,069;0,642;0,332;4;1,000;2,000;0,495;0,054;0;0,865;1,730;0,251;0,018;3,000
95;J10019_5.mm;0;0;29;2;9750;29;4;6017;29;4;6017;25;796;100;6,460;0,255;0,040;0,211;0,074;0,580;0,253;4;1,000;2,000;0,498;0,047;0;0,805;1,610;0,244;0,019;3,000
96;J10020_1.mm;0;0;24;CPM;0;24;1;1491000;24;4;2212;24;768;100;6,650;0,255;0,040;0,303;0,077;0,569;0,287;4;1,000;2,000;0,496;0,039;0;1,000;2,000;0,259;0,011;3,000
97;J10020_2.mm;0;0;24;3;0;24;4;21831;24;4;21831;19;799;100;6,670;0,255;0,040;0,342;0,095;0,718;0,337;4;1,000;2,000;0,498;0,048;0;1,000;2,000;0,256;0,011;3,000
98;J10020_3.mm;0;0;25;3;0;26;1;1326000;0;0;0;23;789;100;6,600;0,256;0,040;0,303;0,099;0,732;0,284;4;1,000;2,000;0,494;0,056;0;1,000;2,000;0,257;0,011;3,000
99;J10020_4.mm;0;0;24;3;0;24;4;14217;24;4;14217;20;795;100;7,110;0,257;0,040;0,342;0,092;0,711;0,376;4;1,000;2,000;0,498;0,047;0;1,000;2,000;0,258;0,011;3,000
100;J10020_5.mm;0;0;29;3;0;29;4;60830;29;4;60830;22;807;100;6,650;0,256;0,040;0,224;0,074;0,644;0,289;4;1,000;2,000;0,494;0,058;0;1,000;2,000;0,257;0,011;3,000
101;J10021_1.mm;0;0;23;CPM;0;23;1;1698000;23;4;2746;23;812;100;7,030;0,255;0,040;0,355;0,084;0,693;0,324;4;1,000;2,000;0,498;0,050;0;0,880;1,760;0,500;0,011;3,000
102;J10021_2.mm;0;0;23;CPM;0;23;1;1668000;23;4;2366;23;826;100;6,700;0,256;0,051;0,336;0,066;0,662;0,415;4;1,000;2,000;0,498;0,047;0;0,885;1,770;0,499;0,011;3,000
103;J10021_3.mm;0;0;24;3;0;24;4;148395;24;4;148395;23;788;100;5,970;0,256;0,051;0,306;0,059;0,659;0,396;4;1,000;2,000;0,496;0,064;0;0,880;1,760;0,500;0,011;3,000
104;J10021_4.mm;0;0;20;CPM;0;20;1;1663000;20;4;4043;20;782;100;6,870;0,255;0,040;0,303;0,086;0,673;0,276;4;1,000;2,000;0,498;0,050;0;0,885;1,770;0,502;0,011;3,000
105;J10021_5.mm;0;0;22;Capacity LB;0;22;4;1647617;22;4;1647617;21;827;100;6,480;0,255;0,051;0,311;0,066;0,698;0,343;4;1,000;2,000;0,518;0,058;0;0,880;1,760;0,504;0,011;3,000
106;J10022_1.mm;0;0;24;3;0;24;4;1696082;24;4;1696082;21;816;100;6,820;0,256;0,051;0,311;0,082;0,701;0,409;4;1,000;2,000;0,497;0,062;0;1,000;2,000;0,507;0,010;3,000
107;J10022_2.mm;0;0;21;3;0;21;6;0;0;0;0;19;787;100;6,560;0,256;0,040;0,276;0,064;0,595;0,234;4;1,000;2,000;0,497;0,056;0;1,000;2,000;0,506;0,010;3,000
108;J10022_3.mm;0;0;23;CPM;0;23;1;1479000;23;4;4517;23;779;100;6,810;0,255;0,040;0,276;0,077;0,660;0,339;4;1,000;2,000;0,498;0,050;0;1,000;2,000;0,507;0,010;3,000
109;J10022_4.mm;0;0;22;CPM;0;22;4;95708;22;4;95708;22;785;100;6,510;0,255;0,040;0,303;0,091;0,678;0,316;4;1,000;2,000;0,500;0,057;0;1,000;2,000;0,506;0,010;3,000
110;J10022_5.mm;0;0;21;CPM;0;21;1;1527000;21;4;4403;21;786;100;7,020;0,255;0,040;0,263;0,057;0,603;0,321;4;1,000;2,000;0,498;0,045;0;1,000;2,000;0,509;0,010;3,000
111;J10023_1.mm;0;0;21;CPM;0;21;1;1169000;21;4;12466;21;786;100;6,530;0,255;0,040;0,171;0,063;0,600;0,226;4;1,000;2,000;0,494;0,063;0;0,865;1,730;0,747;0,008;3,000
112;J10023_2.mm;0;0;25;CPM;0;25;1;1255000;25;4;1848;25;823;100;6,690;0,256;0,040;0,211;0,062;0,551;0,295;4;1,000;2,000;0,500;0,058;0;0,915;1,830;0,749;0,007;3,000
113;J10023_3.mm;0;0;21;3;0;21;4;10996;21;4;10996;20;803;100;6,940;0,256;0,040;0,289;0,089;0,691;0,324;4;1,000;2,000;0,485;0,060;0;0,855;1,710;0,750;0,008;3,000
114;J10023_4.mm;0;0;21;CPM;0;21;1;1127000;21;4;2368;21;815;100;6,230;0,257;0,051;0,238;0,056;0,601;0,404;4;1,000;2,000;0,497;0,054;0;0,865;1,730;0,750;0,008;3,000
115;J10023_5.mm;0;0;28;CPM;0;28;1;1170000;28;4;1618;28;816;100;6,760;0,257;0,040;0,237;0,081;0,636;0,366;4;1,000;2,000;0,500;0,054;0;0,885;1,770;0,749;0,008;3,000
116;J10024_1.mm;0;0;19;CPM;0;19;1;1273000;19;4;2546;19;823;100;6,740;0,255;0,040;0,316;0,076;0,660;0,292;4;1,000;2,000;0,500;0,048;0;1,000;2,000;0,752;0,009;3,000
117;J10024_2.mm;0;0;23;CPM;0;23;1;1380000;23;4;4938;23;799;100;6,920;0,256;0,030;0,125;0,093;0,568;0,125;4;1,000;2,000;0,500;0,054;0;1,000;2,000;0,749;0,009;3,000
118;J10024_3.mm;0;0;25;CPM;0;25;1;1442000;25;4;3858;25;798;100;6,700;0,256;0,040;0,158;0,058;0,537;0,247;4;1,000;2,000;0,497;0,056;0;1,000;2,000;0,749;0,009;3,000
119;J10024_4.mm;0;0;28;CPM;0;28;1;1324000;28;4;1768;28;831;100;6,680;0,255;0,040;0,276;0,076;0,616;0,300;4;1,000;2,000;0,497;0,049;0;1,000;2,000;0,749;0,009;3,000
120;J10024_5.mm;0;0;24;CPM;0;24;1;1318000;24;4;5108;24;813;100;6,430;0,255;0,040;0,197;0,062;0,588;0,250;4;1,000;2,000;0,488;0,054;0;1,000;2,000;0,748;0,009;3,000
121;J10025_1.mm;0;0;30;2;440;30;1;3174000;30;4;11229;29;794;100;7,090;0,256;0,040;0,250;0,088;0,661;0,316;4;0,880;1,760;0,727;0,029;0;0,885;1,770;0,248;0,018;3,000
122;J10025_2.mm;0;0;30;2;520;30;1;2608000;30;4;7351;24;780;100;6,640;0,256;0,040;0,263;0,068;0,646;0,297;4;0,895;1,790;0,775;0,029;0;0,855;1,710;0,246;0,018;3,000
123;J10025_3.mm;0;0;28;2;360;28;4;1923;28;4;1923;24;784;100;6,670;0,256;0,040;0,224;0,072;0,620;0,311;4;0,840;1,680;0,743;0,030;0;0,820;1,640;0,245;0,018;3,000
124;J10025_4.mm;0;0;35;2;560;35;1;2397000;35;4;2289;30;797;100;6,650;0,256;0,051;0,306;0,060;0,662;0,385;4;0,850;1,700;0,745;0,029;0;0,800;1,600;0,249;0,019;3,000
125;J10025_5.mm;0;0;33;2;690;33;1;2660000;33;4;6802;25;807;100;6,800;0,256;0,051;0,387;0,079;0,751;0,383;4;0,900;1,800;0,721;0,028;0;0,845;1,690;0,243;0,018;3,000
126;J10026_1.mm;0;0;24;2;8810;24;4;2134;24;4;2134;20;799;100;6,480;0,255;0,040;0,263;0,080;0,680;0,308;4;0,890;1,780;0,737;0,025;0;1,000;2,000;0,255;0,011;3,000
127;J10026_2.mm;0;0;22;2;2020;22;4;1589;22;4;1589;20;806;100;7,410;0,255;0,030;0,125;0,075;0,483;0,156;4;0,865;1,730;0,744;0,025;0;1,000;2,000;0,257;0,011;3,000
128;J10026_3.mm;0;0;20;2;3610;20;4;455;20;4;455;16;771;100;6,390;0,256;0,040;0,158;0,056;0,566;0,237;4;0,890;1,780;0,745;0,027;0;1,000;2,000;0,256;0,011;3,000
129;J10026_4.mm;0;0;25;CPM;0;25;1;1366000;25;4;1197;25;815;100;6,810;0,255;0,040;0,276;0,077;0,660;0,339;4;0,885;1,770;0,761;0,023;0;1,000;2,000;0,258;0,011;3,000
130;J10026_5.mm;0;0;23;2;600;23;4;2872;23;4;2872;20;800;100;6,440;0,256;0,051;0,255;0,061;0,615;0,385;4;0,890;1,780;0,737;0,027;0;1,000;2,000;0,258;0,011;3,000
131;J10027_1.mm;0;0;28;CPM;0;28;1;1557000;28;4;1738;28;799;100;7,060;0,256;0,040;0,237;0,072;0,638;0,292;4;0,860;1,720;0,728;0,030;0;0,860;1,720;0,501;0,011;3,000
132;J10027_2.mm;0;0;24;CPM;0;24;1;1577000;24;4;1410;24;803;100;6,600;0,255;0,040;0,211;0,072;0,648;0,192;4;0,915;1,830;0,782;0,029;0;0,865;1,730;0,500;0,011;3,000
133;J10027_3.mm;0;0;23;CPM;0;23;1;1658000;23;4;867;23;789;100;6,450;0,255;0,051;0,357;0,073;0,709;0,402;4;0,925;1,850;0,700;0,026;0;0,895;1,790;0,503;0,011;3,000
134;J10027_4.mm;0;0;24;CPM;0;24;1;1831000;24;4;1441;24;787;100;6,630;0,256;0,040;0,197;0,058;0,592;0,311;4;0,885;1,770;0,747;0,026;0;0,895;1,790;0,500;0,011;3,000
135;J10027_5.mm;0;0;22;CPM;0;22;1;1680000;22;4;1971;22;768;100;6,630;0,256;0,040;0,368;0,115;0,764;0,350;4;0,900;1,800;0,708;0,026;0;0,890;1,780;0,501;0,011;3,000
136;J10028_1.mm;0;0;20;CPM;0;20;4;611;20;4;611;20;822;100;6,610;0,256;0,040;0,197;0,057;0,525;0,258;4;0,895;1,790;0,745;0,026;0;1,000;2,000;0,498;0,010;3,000
137;J10028_2.mm;0;0;24;CPM;0;24;1;1484000;24;4;1074;24;782;100;7,140;0,256;0,040;0,224;0,061;0,601;0,313;4;0,850;1,700;0,747;0,028;0;1,000;2,000;0,506;0,010;3,000
138;J10028_3.mm;0;0;22;CPM;0;22;1;1539000;22;4;1126;22;836;100;6,820;0,256;0,051;0,311;0,082;0,701;0,409;4;0,875;1,750;0,670;0,030;0;1,000;2,000;0,504;0,010;3,000
139;J10028_4.mm;0;0;23;CPM;0;23;1;1509000;23;4;1129;23;813;100;6,830;0,254;0,040;0,289;0,075;0,650;0,232;4;0,890;1,780;0,744;0,024;0;1,000;2,000;0,507;0,010;3,000
140;J10028_5.mm;0;0;19;CPM;0;19;4;421;19;4;421;19;796;100;6,930;0,256;0,040;0,211;0,060;0,605;0,255;4;0,885;1,770;0,841;0,026;0;1,000;2,000;0,508;0,010;3,000
141;J10029_1.mm;0;0;20;CPM;0;20;1;1115000;20;4;189;20;827;100;7,340;0,256;0,040;0,329;0,087;0,661;0,342;4;0,865;1,730;0,747;0,026;0;0,870;1,740;0,751;0,008;3,000
142;J10029_2.mm;0;0;20;CPM;0;20;1;1135000;20;4;231;20;775;100;6,790;0,256;0,040;0,197;0,072;0,616;0,300;4;0,885;1,770;0,739;0,028;0;0,905;1,810;0,750;0,007;3,000
143;J10029_3.mm;0;0;27;CPM;0;27;1;988000;27;4;527;27;810;100;6,320;0,255;0,040;0,250;0,069;0,629;0,247;4;0,870;1,740;0,755;0,024;0;0,850;1,700;0,751;0,008;3,000
144;J10029_4.mm;0;0;27;CPM;0;27;1;1149000;27;4;655;27;761;100;6,820;0,255;0,040;0,224;0,061;0,598;0,255;4;0,910;1,820;0,750;0,027;0;0,875;1,750;0,747;0,007;3,000
145;J10029_5.mm;0;0;23;CPM;0;23;1;1129000;23;4;376;23;799;100;6,790;0,256;0,040;0,197;0,058;0,612;0,261;4;0,885;1,770;0,705;0,029;0;0,880;1,760;0,749;0,008;3,000
146;J10030_1.mm;0;0;24;CPM;0;24;1;1096000;24;4;913;24;824;100;6,800;0,254;0,051;0,370;0,095;0,733;0,385;4;0,850;1,700;0,714;0,030;0;1,000;2,000;0,749;0,009;3,000
147;J10030_2.mm;0;0;20;CPM;0;20;1;1273000;20;4;539;20;819;100;6,540;0,256;0,051;0,357;0,070;0,705;0,413;4;0,875;1,750;0,740;0,026;0;1,000;2,000;0,749;0,009;3,000
148;J10030_3.mm;0;0;22;CPM;0;22;1;1146000;22;4;691;22;782;100;6,960;0,257;0,040;0,211;0,061;0,615;0,287;4;0,915;1,830;0,788;0,025;0;1,000;2,000;0,750;0,009;3,000
149;J10030_4.mm;0;0;20;CPM;0;20;1;1109000;20;4;425;20;803;100;6,940;0,255;0,040;0,250;0,061;0,622;0,250;4;0,900;1,800;0,745;0,025;0;1,000;2,000;0,750;0,009;3,000
150;J10030_5.mm;0;0;22;CPM;0;22;1;1133000;22;4;680;22;771;100;7,170;0,257;0,040;0,276;0,080;0,666;0,355;4;0,890;1,780;0,749;0,024;0;1,000;2,000;0,752;0,009;3,000
151;J10031_1.mm;0;0;29;2;28410;29;4;3287;29;4;3287;24;826;100;6,760;0,256;0,040;0,224;0,070;0,653;0,318;4;1,000;2,000;0,745;0,044;0;0,810;1,620;0,253;0,018;3,000
152;J10031_2.mm;0;0;30;2;1510;30;1;2486000;30;4;3802;24;801;100;7,030;0,257;0,040;0,250;0,079;0,621;0,379;4;1,000;2,000;0,745;0,036;0;0,800;1,600;0,245;0,019;3,000
153;J10031_3.mm;0;0;29;2;1390;29;1;28711000;29;4;5744;22;819;100;6,610;0,256;0,040;0,184;0,076;0,595;0,216;4;1,000;2,000;0,749;0,036;0;0,815;1,630;0,248;0,018;3,000
154;J10031_4.mm;0;0;31;2;1550;31;4;2653;31;4;2653;29;799;100;6,530;0,255;0,040;0,224;0,062;0,636;0,250;4;1,000;2,000;0,745;0,044;0;0,820;1,640;0,245;0,018;3,000
155;J10031_5.mm;0;0;29;2;4620;29;4;785;29;4;785;22;808;100;6,970;0,256;0,040;0,237;0,068;0,614;0,311;4;1,000;2,000;0,739;0,039;0;0,805;1,610;0,250;0,018;3,000
156;J10032_1.mm;0;0;23;2;11230;23;4;2364;23;4;2364;18;803;100;6,860;0,257;0,030;0,056;0,075;0,493;0,132;4;1,000;2,000;0,745;0,037;0;1,000;2,000;0,258;0,011;3,000
157;J10032_2.mm;0;0;22;2;74870;22;4;3154;22;4;3154;20;802;100;6,670;0,256;0,040;0,224;0,072;0,620;0,311;4;1,000;2,000;0,742;0,038;0;1,000;2,000;0,257;0,011;3,000
158;J10032_3.mm;0;0;25;2;764630;25;4;5536;25;4;5536;23;821;100;6,590;0,256;0,040;0,316;0,097;0,727;0,374;4;1,000;2,000;0,678;0,043;0;1,000;2,000;0,257;0,011;3,000
159;J10032_4.mm;0;0;23;2;7200010;23;4;13269;23;4;13269;20;739;100;6,760;0,256;0,040;0,224;0,070;0,653;0,318;4;1,000;2,000;0,742;0,046;0;1,000;2,000;0,255;0,011;3,000
160;J10032_5.mm;0;0;22;2;237180;22;4;2126;22;4;2126;19;804;100;6,830;0,255;0,040;0,342;0,091;0,704;0,342;4;1,000;2,000;0,747;0,037;0;1,000;2,000;0,258;0,011;3,000
161;J10033_1.mm;0;0;21;CPM;0;21;1;1537000;21;4;1027;21;802;100;6,770;0,255;0,040;0,263;0,083;0,685;0,289;4;1,000;2,000;0,744;0,041;0;0,840;1,680;0,503;0,011;3,000
162;J10033_2.mm;0;0;23;CPM;0;23;1;1597000;23;4;978;23;809;100;6,840;0,256;0,040;0,237;0,065;0,631;0,287;4;1,000;2,000;0,745;0,034;0;0,880;1,760;0,502;0,011;3,000
163;J10033_3.mm;0;0;25;CPM;0;25;1;1722000;25;4;1266;25;815;100;6,730;0,256;0,051;0,260;0,051;0,632;0,381;4;1,000;2,000;0,736;0,039;0;0,865;1,730;0,503;0,011;3,000
164;J10033_4.mm;0;0;20;CPM;0;20;1;1744000;20;4;1567;20;801;100;6,980;0,256;0,030;0,153;0,099;0,609;0,111;4;1,000;2,000;0,816;0,040;0;0,895;1,790;0,501;0,011;3,000
165;J10033_5.mm;0;0;25;CPM;0;25;1;1654000;25;4;2500;25;756;100;7,050;0,257;0,040;0,250;0,064;0,637;0,334;4;1,000;2,000;0,746;0,036;0;0,875;1,750;0,502;0,011;3,000
166;J10034_1.mm;0;0;24;CPM;0;24;1;1488000;24;4;1432;24;799;100;6,610;0,256;0,051;0,298;0,045;0,636;0,398;4;1,000;2,000;0,747;0,039;0;1,000;2,000;0,505;0,010;3,000
167;J10034_2.mm;0;0;20;CPM;0;20;4;622;20;4;622;20;800;100;6,620;0,255;0,040;0,303;0,089;0,707;0,316;4;1,000;2,000;0,746;0,038;0;1,000;2,000;0,509;0,010;3,000
168;J10034_3.mm;0;0;22;CPM;0;22;1;1441000;22;4;876;22;793;100;6,530;0,255;0,040;0,171;0,063;0,600;0,226;4;1,000;2,000;0,744;0,042;0;1,000;2,000;0,505;0,010;3,000
169;J10034_4.mm;0;0;17;CPM;0;17;4;526;17;4;526;17;806;100;6,970;0,256;0,040;0,237;0,075;0,621;0,353;4;1,000;2,000;0,745;0,034;0;1,000;2,000;0,508;0,010;3,000
170;J10034_5.mm;0;0;20;CPM;0;20;1;1496000;20;4;656;20;810;100;6,670;0,255;0,040;0,342;0,095;0,718;0,337;4;1,000;2,000;0,746;0,034;0;1,000;2,000;0,504;0,010;3,000
171;J10035_1.mm;0;0;20;CPM;0;20;1;1045000;20;4;303;20;831;100;6,810;0,256;0,051;0,294;0,059;0,571;0,413;4;1,000;2,000;0,745;0,035;0;0,835;1,670;0,751;0,008;3,000
172;J10035_2.mm;0;0;17;CPM;0;17;1;1153000;17;4;186;17;822;100;6,540;0,256;0,040;0,237;0,075;0,655;0,292;4;1,000;2,000;0,770;0,036;0;0,895;1,790;0,751;0,007;3,000
173;J10035_3.mm;0;0;20;CPM;0;20;1;1222000;20;4;372;20;770;100;6,670;0,257;0,040;0,237;0,081;0,655;0,297;4;1,000;2,000;0,745;0,045;0;0,930;1,860;0,750;0,007;3,000
174;J10035_4.mm;0;0;22;CPM;0;22;1;1151000;22;4;288;22;780;100;6,670;0,256;0,040;0,276;0,081;0,631;0,345;4;1,000;2,000;0,744;0,033;0;0,895;1,790;0,748;0,007;3,000
175;J10035_5.mm;0;0;27;CPM;0;27;1;1003000;27;4;611;27;813;100;7,340;0,256;0,040;0,329;0,087;0,661;0,342;4;1,000;2,000;0,746;0,034;0;0,840;1,680;0,750;0,008;3,000
176;J10036_1.mm;0;0;25;CPM;0;25;1;1386000;25;4;1798;25;787;100;6,260;0,257;0,051;0,285;0,052;0,665;0,387;4;1,000;2,000;0,742;0,045;0;1,000;2,000;0,752;0,009;3,000
177;J10036_2.mm;0;0;19;CPM;0;19;1;1460000;19;4;2190;19;812;100;6,830;0,256;0,040;0,211;0,068;0,607;0,321;4;1,000;2,000;0,737;0,042;0;1,000;2,000;0,750;0,009;3,000
178;J10036_3.mm;0;0;28;CPM;0;28;1;1232000;28;4;1291;28;807;100;7,290;0,256;0,051;0,374;0,063;0,704;0,468;4;1,000;2,000;0,743;0,042;0;1,000;2,000;0,757;0,009;3,000
179;J10036_4.mm;0;0;28;CPM;0;28;1;1165000;28;4;1031;28;823;100;6,460;0,255;0,040;0,211;0,074;0,580;0,253;4;1,000;2,000;0,746;0,032;0;1,000;2,000;0,742;0,009;3,000
180;J10036_5.mm;0;0;21;CPM;0;21;1;1181000;21;4;1353;21;805;100;6,910;0,255;0,051;0,243;0,055;0,594;0,353;4;1,000;2,000;0,749;0,038;0;1,000;2,000;0,748;0,009;3,000
181;J10037_1.mm;0;0;44;2;7200020;47;6;0;0;0;0;30;796;100;6,770;0,503;0,071;0,180;0,080;0,775;0,165;4;0,855;1,710;0,243;0,105;0;0,830;1,660;0,240;0,018;3,000
182;J10037_2.mm;0;0;46;3;0;50;6;0;0;0;0;30;809;100;7,180;0,503;0,071;0,248;0,126;0,830;0,157;4;0,845;1,690;0,245;0,105;0;0,830;1,660;0,248;0,019;3,000
183;J10037_3.mm;0;0;50;2;62810;50;1;23584000;50;4;56907;42;763;100;6,620;0,502;0,081;0,302;0,093;0,790;0,209;4;0,870;1,740;0,240;0,090;0;0,855;1,710;0,243;0,018;3,000
184;J10037_4.mm;0;0;47;4;254618;47;4;254618;47;4;254618;31;814;100;6,580;0,504;0,071;0,205;0,075;0,781;0,214;4;0,885;1,770;0,244;0,094;0;0,800;1,600;0,249;0,018;3,000
185;J10037_5.mm;0;0;42;4;111161;42;4;111161;42;4;111161;33;811;100;6,710;0,504;0,071;0,217;0,092;0,782;0,241;4;0,895;1,790;0,259;0,085;0;0,900;1,800;0,245;0,018;3,000
186;J10038_1.mm;0;0;41;4;321392;41;4;321392;41;4;321392;32;795;100;6,690;0,503;0,071;0,205;0,092;0,762;0,183;4;0,885;1,770;0,236;0,088;0;1,000;2,000;0,254;0,011;3,000
187;J10038_2.mm;0;0;43;3;0;44;6;0;0;0;0;36;812;100;6,850;0,504;0,071;0,174;0,091;0,770;0,186;4;0,870;1,740;0,215;0,117;0;1,000;2,000;0,257;0,011;3,000
188;J10038_3.mm;0;0;38;3;0;38;4;563502;38;4;563502;33;796;100;6,940;0,503;0,091;0,346;0,093;0,816;0,288;4;0,915;1,830;0,261;0,084;0;1,000;2,000;0,256;0,011;3,000
189;J10038_4.mm;0;0;36;3;0;38;1;15840000;0;0;0;33;790;100;6,600;0,503;0,081;0,339;0,095;0,829;0,246;4;0,860;1,720;0,242;0,094;0;1,000;2,000;0,260;0,011;3,000
190;J10038_5.mm;0;0;37;3;0;41;6;0;0;0;0;27;805;100;7,300;0,503;0,071;0,161;0,092;0,769;0,224;4;0,855;1,710;0,236;0,102;0;1,000;2,000;0,257;0,011;3,000
191;J10039_1.mm;0;0;33;CPM;0;33;4;48830;33;4;48830;33;804;100;7,340;0,504;0,061;0,086;0,121;0,726;0,095;4;0,905;1,810;0,232;0,102;0;0,875;1,750;0,499;0,011;3,000
192;J10039_2.mm;0;0;31;CPM;0;31;4;212059;31;4;212059;31;790;100;6,780;0,504;0,071;0,217;0,096;0,764;0,203;4;0,870;1,740;0,242;0,107;0;0,910;1,820;0,500;0,010;3,000
193;J10039_3.mm;0;0;30;3;0;30;6;0;0;0;0;29;791;100;6,940;0,504;0,071;0,205;0,097;0,797;0,203;4;0,850;1,700;0,260;0,102;0;0,855;1,710;0,502;0,011;3,000
194;J10039_4.mm;0;0;36;CPM;0;36;1;1676000;36;4;2555;36;775;100;7,350;0,503;0,081;0,228;0,088;0,788;0,254;4;0,870;1,740;0,303;0,092;0;0,865;1,730;0,501;0,011;3,000
195;J10039_5.mm;0;0;37;CPM;0;37;1;1565000;37;4;11844;37;785;100;6,900;0,504;0,071;0,168;0,108;0,777;0,144;4;0,855;1,710;0,240;0,113;0;0,860;1,720;0,501;0,011;3,000
196;J10040_1.mm;0;0;32;4;1418498;32;4;1418498;32;4;1418498;28;805;100;7,300;0,503;0,071;0,161;0,092;0,769;0,224;4;0,870;1,740;0,241;0,096;0;1,000;2,000;0,506;0,010;3,000
197;J10040_2.mm;0;0;29;3;0;29;4;2146789;29;4;2146789;27;779;100;7,370;0,504;0,061;0,154;0,126;0,776;0,222;4;0,860;1,720;0,239;0,100;0;1,000;2,000;0,502;0,010;3,000
198;J10040_3.mm;0;0;34;3;0;35;6;0;0;0;0;31;795;100;7,310;0,504;0,071;0,149;0,093;0,770;0,199;4;0,880;1,760;0,254;0,096;0;1,000;2,000;0,504;0,010;3,000
199;J10040_4.mm;0;0;36;CPM;0;36;1;1461000;36;4;13296;36;753;100;7,180;0,503;0,061;0,158;0,114;0,758;0,104;4;0,890;1,780;0,245;0,096;0;1,000;2,000;0,502;0,010;3,000
200;J10040_5.mm;0;0;33;3;0;34;6;0;0;0;0;32;804;100;7,120;0,503;0,071;0,174;0,102;0,732;0,141;4;0,890;1,780;0,284;0,092;0;1,000;2,000;0,506;0,010;3,000
201;J10041_1.mm;0;0;30;CPM;0;30;1;1213000;30;4;4123;30;781;100;6,320;0,504;0,081;0,239;0,078;0,793;0,293;4;0,835;1,670;0,245;0,098;0;0,920;1,840;0,751;0,007;3,000
202;J10041_2.mm;0;0;29;CPM;0;29;1;1145000;29;4;4416;29;791;100;6,270;0,505;0,061;0,181;0,088;0,747;0,204;4;0,860;1,720;0,246;0,089;0;0,880;1,760;0,747;0,008;3,000
203;J10041_3.mm;0;0;31;3;0;31;4;245304;31;4;245304;30;804;100;7,140;0,503;0,081;0,166;0,076;0,754;0,257;4;0,850;1,700;0,287;0,101;0;0,865;1,730;0,746;0,008;3,000
204;J10041_4.mm;0;0;30;CPM;0;30;1;1059000;30;4;3672;30;799;100;7,500;0,504;0,061;0,190;0,141;0,804;0,197;4;0,860;1,720;0,233;0,093;0;0,840;1,680;0,750;0,008;3,000
205;J10041_5.mm;0;0;33;CPM;0;33;1;1165000;33;4;15614;33;819;100;7,530;0,504;0,061;0,111;0,106;0,779;0,125;4;0,905;1,810;0,259;0,097;0;0,890;1,780;0,748;0,007;3,000
206;J10042_1.mm;0;0;30;CPM;0;30;1;1315000;30;4;8328;30;796;100;6,330;0,504;0,071;0,161;0,099;0,799;0,200;4;0,875;1,750;0,292;0,098;0;1,000;2,000;0,744;0,009;3,000
207;J10042_2.mm;0;0;35;CPM;0;35;1;1250000;35;4;2852;35;797;100;6,780;0,504;0,061;0,174;0,106;0,793;0,220;4;0,855;1,710;0,239;0,089;0;1,000;2,000;0,748;0,009;3,000
208;J10042_3.mm;0;0;37;CPM;0;37;1;1233000;37;4;3046;37;797;100;7,000;0,503;0,061;0,140;0,092;0,741;0,149;4;0,900;1,800;0,245;0,092;0;1,000;2,000;0,751;0,009;3,000
209;J10042_4.mm;0;0;33;CPM;0;33;1;1297000;33;4;8682;33;792;100;6,690;0,503;0,071;0,205;0,092;0,762;0,183;4;0,885;1,770;0,257;0,093;0;1,000;2,000;0,753;0,009;3,000
210;J10042_5.mm;0;0;36;CPM;0;36;1;1196000;36;4;9770;36;809;100;6,950;0,504;0,071;0,224;0,098;0,767;0,230;4;0,830;1,660;0,230;0,110;0;1,000;2,000;0,753;0,009;3,000
211;J10043_1.mm;0;0;74;3;0;78;1;1838000;0;0;0;35;787;100;7,020;0,503;0,071;0,242;0,104;0,808;0,185;4;1,000;2,000;0,264;0,145;0;0,880;1,760;0,245;0,017;3,000
212;J10043_2.mm;0;0;64;3;0;67;1;1850000;0;0;0;28;794;100;6,650;0,504;0,081;0,229;0,087;0,771;0,249;4;1,000;2,000;0,242;0,137;0;0,870;1,740;0,246;0,018;3,000
213;J10043_3.mm;0;0;79;3;0;82;1;1631000;0;0;0;31;841;100;6,240;0,504;0,081;0,192;0,079;0,772;0,245;4;1,000;2,000;0,244;0,146;0;0,835;1,670;0,248;0,018;3,000
214;J10043_4.mm;0;0;75;3;0;76;1;1594000;0;0;0;35;798;100;7,000;0,503;0,081;0,229;0,076;0,767;0,251;4;1,000;2,000;0,240;0,146;0;0,835;1,670;0,244;0,018;3,000
215;J10043_5.mm;0;0;82;3;0;84;1;1886000;0;0;0;37;819;100;6,760;0,504;0,071;0,211;0,091;0,792;0,199;4;1,000;2,000;0,236;0,153;0;0,845;1,690;0,245;0,019;3,000
216;J10044_1.mm;0;0;65;3;0;68;1;1387000;0;0;0;29;818;100;6,830;0,504;0,071;0,174;0,072;0,778;0,189;4;1,000;2,000;0,250;0,151;0;1,000;2,000;0,256;0,011;3,000
217;J10044_2.mm;0;0;65;3;0;69;1;1411000;0;0;0;34;814;100;6,860;0,504;0,071;0,130;0,102;0,743;0,189;4;1,000;2,000;0,252;0,154;0;1,000;2,000;0,251;0,011;3,000
218;J10044_3.mm;0;0;53;3;0;57;1;1399000;0;0;0;31;779;100;7,090;0,504;0,061;0,211;0,140;0,794;0,197;4;1,000;2,000;0,240;0,120;0;1,000;2,000;0,257;0,011;3,000
219;J10044_4.mm;0;0;71;3;0;76;1;1385000;0;0;0;34;800;100;6,550;0,503;0,071;0,224;0,101;0,793;0,144;4;1,000;2,000;0,243;0,153;0;1,000;2,000;0,258;0,011;3,000
220;J10044_5.mm;0;0;78;3;0;81;5;3637;0;0;0;34;826;100;6,970;0,504;0,071;0,236;0,105;0,812;0,256;4;1,000;2,000;0,226;0,168;0;1,000;2,000;0,260;0,011;3,000
221;J10045_1.mm;0;0;57;3;0;62;1;1346000;0;0;0;32;810;100;6,740;0,504;0,081;0,301;0,093;0,813;0,260;4;1,000;2,000;0,237;0,167;0;0,865;1,730;0,501;0,011;3,000
222;J10045_2.mm;0;0;56;Capacity LB;0;59;1;1419000;0;0;0;28;812;100;7,570;0,504;0,071;0,155;0,109;0,790;0,233;4;1,000;2,000;0,231;0,158;0;0,860;1,720;0,501;0,011;3,000
223;J10045_3.mm;0;0;49;3;0;53;5;4801;0;0;0;28;811;100;7,120;0,503;0,081;0,163;0,068;0,760;0,223;4;1,000;2,000;0,243;0,161;0;0,890;1,780;0,500;0,011;3,000
224;J10045_4.mm;0;0;50;Capacity LB;0;53;1;1436000;0;0;0;38;785;100;7,040;0,503;0,081;0,279;0,087;0,775;0,240;4;1,000;2,000;0,241;0,146;0;0,865;1,730;0,507;0,011;3,000
225;J10045_5.mm;0;0;50;3;0;53;5;4801;0;0;0;34;794;100;7,180;0,503;0,071;0,143;0,114;0,750;0,199;4;1,000;2,000;0,237;0,151;0;0,890;1,780;0,502;0,010;3,000
226;J10046_1.mm;0;0;48;3;0;53;1;1401000;0;0;0;28;798;100;6,890;0,503;0,071;0,180;0,086;0,790;0,202;4;1,000;2,000;0,244;0,148;0;1,000;2,000;0,504;0,010;3,000
227;J10046_2.mm;0;0;52;3;0;54;1;1408000;0;0;0;27;805;100;6,360;0,504;0,081;0,143;0,075;0,739;0,213;4;1,000;2,000;0,236;0,148;0;1,000;2,000;0,509;0,010;3,000
228;J10046_3.mm;0;0;65;3;0;68;1;1351000;0;0;0;32;809;100;6,640;0,503;0,071;0,199;0,100;0,783;0,177;4;1,000;2,000;0,230;0,163;0;1,000;2,000;0,505;0,010;3,000
229;J10046_4.mm;0;0;59;3;0;63;5;3656;0;0;0;34;812;100;7,110;0,504;0,071;0,180;0,095;0,783;0,217;4;1,000;2,000;0,243;0,160;0;1,000;2,000;0,505;0,010;3,000
230;J10046_5.mm;0;0;54;3;0;57;1;1454000;0;0;0;29;816;100;6,830;0,504;0,061;0,152;0,095;0,768;0,156;4;1,000;2,000;0,255;0,145;0;1,000;2,000;0,508;0,010;3,000
231;J10047_1.mm;0;0;50;Capacity LB;0;52;1;1010000;0;0;0;37;812;100;6,520;0,503;0,071;0,211;0,099;0,787;0,222;4;1,000;2,000;0,248;0,139;0;0,880;1,760;0,750;0,008;3,000
232;J10047_2.mm;0;0;46;Capacity LB;0;49;1;1021000;0;0;0;36;852;100;6,810;0,503;0,071;0,193;0,086;0,765;0,202;4;1,000;2,000;0,243;0,141;0;0,890;1,780;0,750;0,007;3,000
233;J10047_3.mm;0;0;59;Capacity LB;0;61;1;1032000;0;0;0;44;823;100;6,800;0,503;0,071;0,130;0,084;0,784;0,127;4;1,000;2,000;0,222;0,172;0;0,895;1,790;0,749;0,007;3,000
234;J10047_4.mm;0;0;55;Capacity LB;0;56;1;986000;0;0;0;36;824;100;7,020;0,503;0,071;0,193;0,086;0,780;0,174;4;1,000;2,000;0,247;0,164;0;0,880;1,760;0,750;0,008;3,000
235;J10047_5.mm;0;0;40;3;0;42;1;985000;0;0;0;30;804;100;6,460;0,504;0,061;0,152;0,108;0,773;0,174;4;1,000;2,000;0,241;0,120;0;0,880;1,760;0,747;0,008;3,000
236;J10048_1.mm;0;0;51;3;0;53;1;1222000;0;0;0;31;797;100;6,870;0,503;0,071;0,124;0,105;0,763;0,193;4;1,000;2,000;0,242;0,162;0;1,000;2,000;0,754;0,009;3,000
237;J10048_2.mm;0;0;51;Capacity LB;0;55;1;1102000;0;0;0;31;775;100;7,150;0,504;0,081;0,192;0,075;0,781;0,245;4;1,000;2,000;0,228;0,167;0;1,000;2,000;0,754;0,009;3,000
238;J10048_3.mm;0;0;49;Capacity LB;0;52;5;3668;0;0;0;29;839;100;7,010;0,503;0,061;0,186;0,113;0,795;0,138;4;1,000;2,000;0,239;0,142;0;1,000;2,000;0,753;0,009;3,000
239;J10048_4.mm;0;0;52;Capacity LB;0;56;1;1215000;0;0;0;31;813;100;6,920;0,503;0,071;0,124;0,091;0,748;0,197;4;1,000;2,000;0,232;0,157;0;1,000;2,000;0,753;0,009;3,000
240;J10048_5.mm;0;0;46;Capacity LB;0;47;1;1102000;0;0;0;35;798;100;7,290;0,503;0,061;0,186;0,120;0,783;0,176;4;1,000;2,000;0,242;0,138;0;1,000;2,000;0,753;0,009;3,000
241;J10049_1.mm;0;0;43;2;7510;43;4;1132;43;4;1132;34;779;100;6,730;0,502;0,061;0,161;0,105;0,774;0,093;4;0,870;1,740;0,464;0,056;0;0,810;1,620;0,247;0,018;3,000
242;J10049_2.mm;0;0;41;2;8650;41;4;5216;41;4;5216;28;812;100;7,190;0,502;0,071;0,255;0,075;0,803;0,161;4;0,880;1,760;0,507;0,058;0;0,820;1,640;0,248;0,018;3,000
243;J10049_3.mm;0;0;49;2;1190;49;1;2606000;49;4;7231;36;763;100;6,970;0,503;0,071;0,149;0,078;0,739;0,163;4;0,895;1,790;0,562;0,053;0;0,835;1,670;0,245;0,018;3,000
244;J10049_4.mm;0;0;41;2;4870;41;4;2791;41;4;2791;31;801;100;6,800;0,503;0,071;0,161;0,064;0,752;0,219;4;0,860;1,720;0,490;0,056;0;0,870;1,740;0,251;0,018;3,000
245;J10049_5.mm;0;0;43;2;7450;43;4;5928;43;4;5928;24;778;100;7,240;0,503;0,071;0,248;0,119;0,797;0,211;4;0,835;1,670;0,472;0,062;0;0,820;1,640;0,245;0,019;3,000
246;J10050_1.mm;0;0;36;2;366350;36;4;10351;36;4;10351;27;815;100;6,870;0,504;0,071;0,193;0,073;0,764;0,203;4;0,895;1,790;0,486;0,049;0;1,000;2,000;0,259;0,011;3,000
247;J10050_2.mm;0;0;37;2;101730;37;4;4039;37;4;4039;33;794;100;7,180;0,503;0,061;0,158;0,114;0,758;0,104;4;0,885;1,770;0,500;0,059;0;1,000;2,000;0,258;0,011;3,000
248;J10050_3.mm;0;0;34;2;71770;34;4;3957;34;4;3957;27;814;100;6,110;0,504;0,071;0,193;0,083;0,778;0,205;4;0,910;1,820;0,494;0,056;0;1,000;2,000;0,254;0,011;3,000
249;J10050_4.mm;0;0;34;2;171360;34;4;6049;34;4;6049;26;784;100;7,190;0,504;0,061;0,065;0,076;0,732;0,129;4;0,880;1,760;0,565;0,058;0;1,000;2,000;0,255;0,011;3,000
250;J10050_5.mm;0;0;39;2;23060;39;1;1458000;39;4;3164;36;806;100;6,560;0,504;0,071;0,261;0,083;0,777;0,200;4;0,850;1,700;0,500;0,054;0;1,000;2,000;0,259;0,011;3,000
251;J10051_1.mm;0;0;32;CPM;0;32;1;1631000;32;4;2354;32;817;100;7,030;0,504;0,061;0,124;0,099;0,788;0,113;4;0,865;1,730;0,528;0,062;0;0,885;1,770;0,501;0,011;3,000
252;J10051_2.mm;0;0;34;CPM;0;34;1;1608000;34;4;1965;34;811;100;6,640;0,504;0,071;0,149;0,082;0,742;0,197;4;0,875;1,750;0,490;0,056;0;0,885;1,770;0,498;0,011;3,000
253;J10051_3.mm;0;0;32;CPM;0;32;1;1840000;32;4;1464;32;836;100;7,100;0,504;0,071;0,180;0,106;0,768;0,222;4;0,875;1,750;0,452;0,061;0;0,915;1,830;0,502;0,010;3,000
254;J10051_4.mm;0;0;39;CPM;0;39;1;1538000;39;4;2603;39;787;100;7,210;0,503;0,071;0,155;0,099;0,768;0,220;4;0,890;1,780;0,524;0,059;0;0,850;1,700;0,501;0,011;3,000
255;J10051_5.mm;0;0;29;CPM;0;29;1;1590000;29;4;3350;29;798;100;7,210;0,502;0,071;0,205;0,096;0,798;0,144;4;0,885;1,770;0,446;0,063;0;0,875;1,750;0,501;0,011;3,000
256;J10052_1.mm;0;0;38;CPM;0;38;1;1526000;38;4;2263;38;810;100;7,030;0,504;0,061;0,124;0,099;0,788;0,113;4;0,865;1,730;0,494;0,060;0;1,000;2,000;0,503;0,010;3,000
257;J10052_2.mm;0;0;39;CPM;0;39;1;1470000;39;4;3313;39;781;100;6,640;0,504;0,071;0,149;0,082;0,742;0,197;4;0,855;1,710;0,500;0,057;0;1,000;2,000;0,502;0,010;3,000
258;J10052_3.mm;0;0;32;CPM;0;32;1;1476000;32;4;1334;32;816;100;6,900;0,504;0,081;0,315;0,098;0,788;0,265;4;0,875;1,750;0,494;0,055;0;1,000;2,000;0,500;0,010;3,000
259;J10052_4.mm;0;0;29;2;16630;29;4;2536;29;4;2536;28;787;100;7,400;0,503;0,071;0,224;0,100;0,813;0,213;4;0,880;1,760;0,520;0,057;0;1,000;2,000;0,508;0,010;3,000
260;J10052_5.mm;0;0;30;2;1106400;30;4;5422;30;4;5422;28;821;100;6,540;0,503;0,081;0,201;0,073;0,790;0,218;4;0,865;1,730;0,469;0,071;0;1,000;2,000;0,502;0,010;3,000
261;J10053_1.mm;0;0;31;CPM;0;31;1;1113000;31;4;661;31;797;100;6,830;0,504;0,071;0,186;0,094;0,758;0,227;4;0,905;1,810;0,496;0,047;0;0,900;1,800;0,750;0,007;3,000
262;J10053_2.mm;0;0;31;CPM;0;31;1;1078000;31;4;931;31;804;100;6,920;0,503;0,071;0,155;0,093;0,740;0,155;4;0,865;1,730;0,462;0,061;0;0,890;1,780;0,749;0,007;3,000
263;J10053_3.mm;0;0;31;CPM;0;31;1;1128000;31;4;628;31;836;100;6,860;0,503;0,071;0,267;0,110;0,832;0,191;4;0,855;1,710;0,444;0,059;0;0,905;1,810;0,749;0,007;3,000
264;J10053_4.mm;0;0;37;CPM;0;37;1;1001000;37;4;758;37;798;100;6,870;0,503;0,061;0,099;0,090;0,749;0,136;4;0,890;1,780;0,490;0,053;0;0,820;1,640;0,750;0,008;3,000
265;J10053_5.mm;0;0;46;CPM;0;46;1;1115000;46;4;1218;46;789;100;7,230;0,503;0,091;0,259;0,069;0,798;0,263;4;0,890;1,780;0,534;0,066;0;0,900;1,800;0,750;0,007;3,000
266;J10054_1.mm;0;0;27;CPM;0;27;1;1191000;27;4;1603;27;775;100;6,760;0,504;0,061;0,167;0,127;0,802;0,161;4;0,890;1,780;0,489;0,055;0;1,000;2,000;0,755;0,009;3,000
267;J10054_2.mm;0;0;33;CPM;0;33;1;1241000;33;4;2881;33;781;100;6,900;0,504;0,071;0,205;0,097;0,773;0,203;4;0,850;1,700;0,500;0,062;0;1,000;2,000;0,753;0,009;3,000
268;J10054_3.mm;0;0;30;CPM;0;30;1;1230000;30;4;2572;30;814;100;7,070;0,504;0,081;0,205;0,061;0,674;0,220;4;0,890;1,780;0,471;0,061;0;1,000;2,000;0,750;0,009;3,000
269;J10054_4.mm;0;0;32;CPM;0;32;1;1201000;32;4;1199;32;804;100;7,120;0,503;0,071;0,174;0,102;0,732;0,141;4;0,890;1,780;0,518;0,058;0;1,000;2,000;0,749;0,009;3,000
270;J10054_5.mm;0;0;35;CPM;0;35;1;1233000;35;4;2815;35;802;100;6,730;0,504;0,061;0,065;0,095;0,743;0,100;4;0,875;1,750;0,543;0,061;0;1,000;2,000;0,749;0,009;3,000
271;J10055_1.mm;0;0;44;3;0;48;1;1667000;0;0;0;32;810;100;7,250;0,504;0,061;0,077;0,084;0,761;0,090;4;1,000;2,000;0,520;0,091;0;0,795;1,590;0,247;0,019;3,000
272;J10055_2.mm;0;0;44;3;0;46;6;0;0;0;0;30;797;100;6,900;0,504;0,071;0,205;0,097;0,773;0,203;4;1,000;2,000;0,495;0,085;0;0,830;1,660;0,245;0,019;3,000
273;J10055_3.mm;0;0;43;3;0;44;6;0;0;0;0;30;801;100;6,760;0,505;0,071;0,168;0,089;0,727;0,182;4;1,000;2,000;0,500;0,082;0;0,825;1,650;0,241;0,018;3,000
274;J10055_4.mm;0;0;47;2;7200020;49;6;0;0;0;0;32;804;100;6,860;0,503;0,071;0,211;0,088;0,796;0,193;4;1,000;2,000;0,534;0,081;0;0,790;1,580;0,251;0,019;3,000
275;J10055_5.mm;0;0;45;2;7200000;48;6;0;0;0;0;30;811;100;7,610;0,504;0,061;0,233;0,138;0,824;0,201;4;1,000;2,000;0,499;0,080;0;0,840;1,680;0,250;0,019;3,000
276;J10056_1.mm;0;0;40;3;0;42;5;3601;0;0;0;33;825;100;6,810;0,504;0,071;0,161;0,096;0,769;0,197;4;1,000;2,000;0,500;0,083;0;1,000;2,000;0,258;0,011;3,000
277;J10056_2.mm;0;0;38;3;0;38;4;3251477;38;4;3251477;29;829;100;7,290;0,503;0,061;0,149;0,103;0,794;0,161;4;1,000;2,000;0,553;0,075;0;1,000;2,000;0,259;0,011;3,000
278;J10056_3.mm;0;0;38;3;0;38;4;488015;38;4;488015;29;807;100;6,650;0,503;0,071;0,186;0,108;0,722;0,168;4;1,000;2,000;0,496;0,071;0;1,000;2,000;0,258;0,011;3,000
279;J10056_4.mm;0;0;43;3;0;45;1;1564000;0;0;0;32;838;100;7,090;0,503;0,071;0,217;0,092;0,805;0,203;4;1,000;2,000;0,509;0,087;0;1,000;2,000;0,260;0,011;3,000
280;J10056_5.mm;0;0;37;3;0;38;6;0;0;0;0;32;797;100;6,980;0,503;0,071;0,236;0,101;0,777;0,191;4;1,000;2,000;0,578;0,078;0;1,000;2,000;0,257;0,011;3,000
281;J10057_1.mm;0;0;37;CPM;0;37;1;1693000;37;4;3884;37;810;100;6,390;0,503;0,071;0,199;0,099;0,754;0,165;4;1,000;2,000;0,500;0,084;0;0,895;1,790;0,502;0,011;3,000
282;J10057_2.mm;0;0;30;CPM;0;30;1;16528000;30;4;19216;30;784;100;6,950;0,504;0,071;0,224;0,098;0,767;0,230;4;1,000;2,000;0,480;0,084;0;0,860;1,720;0,500;0,011;3,000
283;J10057_3.mm;0;0;34;CPM;0;34;1;1533000;34;4;9776;34;825;100;7,220;0,503;0,081;0,227;0,092;0,791;0,246;4;1,000;2,000;0,533;0,088;0;0,855;1,710;0,504;0,011;3,000
284;J10057_4.mm;0;0;33;CPM;0;33;1;1652000;33;4;9304;33;804;100;6,910;0,503;0,061;0,111;0,083;0,743;0,156;4;1,000;2,000;0,492;0,078;0;0,895;1,790;0,499;0,011;3,000
285;J10057_5.mm;0;0;37;CPM;0;37;1;17560000;37;4;22657;37;789;100;6,840;0,503;0,071;0,205;0,125;0,798;0,196;4;1,000;2,000;0,454;0,101;0;0,905;1,810;0,501;0,010;3,000
286;J10058_1.mm;0;0;32;3;0;32;4;615686;32;4;615686;31;797;100;6,440;0,504;0,051;0,140;0,126;0,763;0,055;4;1,000;2,000;0,496;0,075;0;1,000;2,000;0,505;0,010;3,000
287;J10058_2.mm;0;0;34;CPM;0;34;1;1545000;34;4;9409;34;788;100;7,260;0,503;0,081;0,231;0,079;0,778;0,268;4;1,000;2,000;0,496;0,074;0;1,000;2,000;0,501;0,010;3,000
288;J10058_3.mm;0;0;34;3;0;34;4;33725441;34;4;33725441;30;816;100;6,570;0,504;0,061;0,174;0,102;0,748;0,192;4;1,000;2,000;0,483;0,082;0;1,000;2,000;0,504;0,010;3,000
289;J10058_4.mm;0;0;37;CPM;0;37;1;1588000;37;4;3400;37;805;100;6,670;0,504;0,081;0,205;0,097;0,766;0,275;4;1,000;2,000;0,496;0,074;0;1,000;2,000;0,507;0,010;3,000
290;J10058_5.mm;0;0;31;3;0;32;6;0;0;0;0;25;788;100;7,360;0,504;0,061;0,211;0,151;0,816;0,194;4;1,000;2,000;0,465;0,084;0;1,000;2,000;0,505;0,010;3,000
291;J10059_1.mm;0;0;33;CPM;0;33;1;1101000;33;4;4272;33;811;100;7,300;0,504;0,071;0,224;0,108;0,747;0,210;4;1,000;2,000;0,496;0,081;0;0,855;1,710;0,748;0,008;3,000
292;J10059_2.mm;0;0;34;CPM;0;34;1;1152000;34;4;2535;34;793;100;6,650;0,504;0,081;0,276;0,111;0,817;0,266;4;1,000;2,000;0,550;0,082;0;0,875;1,750;0,750;0,008;3,000
293;J10059_3.mm;0;0;31;CPM;0;31;6;0;0;0;0;31;825;100;7,000;0,504;0,061;0,149;0,117;0,768;0,108;4;1,000;2,000;0,522;0,080;0;0,865;1,730;0,746;0,008;3,000
294;J10059_4.mm;0;0;35;3;0;35;6;0;0;0;0;34;779;100;7,570;0,503;0,071;0,168;0,096;0,776;0,183;4;1,000;2,000;0,456;0,095;0;0,815;1,630;0,750;0,009;3,000
295;J10059_5.mm;0;0;32;3;0;32;1;12518000;32;4;333385;31;806;100;6,480;0,503;0,071;0,149;0,077;0,764;0,160;4;1,000;2,000;0,458;0,096;0;0,870;1,740;0,750;0,008;3,000
296;J10060_1.mm;0;0;30;CPM;0;30;1;1222000;30;4;4284;30;840;100;6,270;0,505;0,061;0,181;0,088;0,747;0,204;4;1,000;2,000;0,496;0,066;0;1,000;2,000;0,754;0,009;3,000
297;J10060_2.mm;0;0;31;3;0;31;4;802927;31;4;802927;30;801;100;6,640;0,503;0,071;0,199;0,100;0,783;0,177;4;1,000;2,000;0,475;0,081;0;1,000;2,000;0,751;0,009;3,000
298;J10060_3.mm;0;0;31;CPM;0;31;4;11934;31;4;11934;31;825;100;6,900;0,504;0,061;0,220;0,132;0,819;0,163;4;1,000;2,000;0,492;0,080;0;1,000;2,000;0,755;0,009;3,000
299;J10060_4.mm;0;0;34;CPM;0;34;1;1277000;34;4;2306;34;836;100;7,300;0,504;0,071;0,298;0,109;0,772;0,213;4;1,000;2,000;0,496;0,072;0;1,000;2,000;0,753;0,009;3,000
300;J10060_5.mm;0;0;29;CPM;0;29;1;1145000;29;4;6547;29;764;100;6,940;0,503;0,091;0,346;0,093;0,816;0,288;4;1,000;2,000;0,500;0,081;0;1,000;2,000;0,752;0,009;3,000
301;J10061_1.mm;0;0;45;2;2310;45;4;11715;45;4;11715;28;792;100;7,140;0,503;0,061;0,199;0,118;0,808;0,159;4;0,855;1,710;0,743;0,037;0;0,840;1,680;0,247;0,018;3,000
302;J10061_2.mm;0;0;44;2;1030;44;4;4235;44;4;4235;31;776;100;7,150;0,503;0,071;0,224;0,106;0,807;0,182;4;0,850;1,700;0,720;0,049;0;0,860;1,720;0,240;0,018;3,000
303;J10061_3.mm;0;0;41;2;2320;41;4;4775;41;4;4775;27;793;100;6,620;0,503;0,081;0,141;0,063;0,741;0,234;4;0,845;1,690;0,818;0,048;0;0,855;1,710;0,249;0,018;3,000
304;J10061_4.mm;0;0;48;2;1270;48;4;2739;48;4;2739;36;799;100;7,040;0,503;0,081;0,279;0,087;0,775;0,240;4;0,900;1,800;0,773;0,038;0;0,815;1,630;0,248;0,019;3,000
305;J10061_5.mm;0;0;44;2;2640;44;4;13207;44;4;13207;32;798;100;7,330;0,503;0,071;0,217;0,088;0,784;0,245;4;0,935;1,870;0,743;0,033;0;0,835;1,670;0,243;0,018;3,000
306;J10062_1.mm;0;0;35;2;6550;35;4;4924;35;4;4924;30;795;100;6,730;0,504;0,071;0,193;0,082;0,766;0,230;4;0,875;1,750;0,739;0,035;0;1,000;2,000;0,259;0,011;3,000
307;J10062_2.mm;0;0;36;2;12440;36;4;10285;36;4;10285;29;822;100;7,270;0,504;0,061;0,145;0,129;0,786;0,177;4;0,895;1,790;0,767;0,038;0;1,000;2,000;0,258;0,011;3,000
308;J10062_3.mm;0;0;34;2;5180;34;4;3206;34;4;3206;32;784;100;7,350;0,503;0,061;0,186;0,126;0,796;0,125;4;0,890;1,780;0,741;0,036;0;1,000;2,000;0,255;0,011;3,000
309;J10062_4.mm;0;0;39;2;1850;39;1;15555000;39;4;3110;37;805;100;7,260;0,503;0,071;0,174;0,098;0,782;0,189;4;0,885;1,770;0,748;0,040;0;1,000;2,000;0,255;0,011;3,000
310;J10062_5.mm;0;0;34;2;2830;34;4;1350;34;4;1350;32;784;100;6,790;0,504;0,071;0,217;0,096;0,799;0,238;4;0,880;1,760;0,739;0,040;0;1,000;2,000;0,257;0,011;3,000
311;J10063_1.mm;0;0;37;CPM;0;37;1;1589000;37;4;1722;37;791;100;7,330;0,503;0,091;0,235;0,085;0,778;0,275;4;0,850;1,700;0,758;0,046;0;0,875;1,750;0,501;0,010;3,000
312;J10063_2.mm;0;0;29;CPM;0;29;1;1700000;29;4;1081;29;815;100;7,210;0,503;0,071;0,155;0,099;0,768;0,220;4;0,885;1,770;0,694;0,043;0;0,905;1,810;0,500;0,010;3,000
313;J10063_3.mm;0;0;35;CPM;0;35;1;1755000;35;4;2452;35;784;100;7,350;0,503;0,061;0,186;0,126;0,796;0,125;4;0,880;1,760;0,741;0,036;0;0,890;1,780;0,502;0,011;3,000
314;J10063_4.mm;0;0;35;CPM;0;35;1;1652000;35;4;2924;35;789;100;6,990;0,504;0,061;0,158;0,125;0,811;0,140;4;0,870;1,740;0,761;0,043;0;0,890;1,780;0,499;0,011;3,000
315;J10063_5.mm;0;0;30;CPM;0;30;1;1488000;30;4;1095;30;770;100;6,650;0,502;0,071;0,193;0,084;0,757;0,134;4;0,870;1,740;0,740;0,038;0;0,840;1,680;0,502;0,011;3,000
316;J10064_1.mm;0;0;29;CPM;0;29;1;1606000;29;4;1149;29;789;100;7,130;0,504;0,061;0,136;0,089;0,735;0,145;4;0,880;1,760;0,740;0,039;0;1,000;2,000;0,504;0,010;3,000
317;J10064_2.mm;0;0;33;CPM;0;33;1;1462000;33;4;2209;33;743;100;7,260;0,503;0,081;0,231;0,079;0,778;0,268;4;0,870;1,740;0,735;0,037;0;1,000;2,000;0,504;0,010;3,000
318;J10064_3.mm;0;0;32;CPM;0;32;1;1401000;32;4;1163;32;828;100;7,070;0,504;0,071;0,137;0,071;0,703;0,207;4;0,875;1,750;0,774;0,044;0;1,000;2,000;0,502;0,010;3,000
319;J10064_4.mm;0;0;31;CPM;0;31;1;1416000;31;4;1027;31;815;100;7,030;0,503;0,061;0,152;0,099;0,772;0,109;4;0,900;1,800;0,743;0,034;0;1,000;2,000;0,501;0,010;3,000
320;J10064_5.mm;0;0;31;CPM;0;31;1;1387000;31;4;1636;31;776;100;7,070;0,504;0,081;0,205;0,061;0,674;0,220;4;0,890;1,780;0,767;0,037;0;1,000;2,000;0,509;0,010;3,000
321;J10065_1.mm;0;0;30;CPM;0;30;1;1100000;30;4;612;30;778;100;6,910;0,503;0,071;0,255;0,109;0,801;0,199;4;0,900;1,800;0,717;0,043;0;0,900;1,800;0,746;0,007;3,000
322;J10065_2.mm;0;0;37;CPM;0;37;1;1097000;37;4;922;37;787;100;6,820;0,503;0,081;0,180;0,074;0,756;0,240;4;0,870;1,740;0,700;0,041;0;0,895;1,790;0,749;0,007;3,000
323;J10065_3.mm;0;0;33;CPM;0;33;1;1100000;33;4;608;33;801;100;6,670;0,504;0,061;0,102;0,087;0,727;0,170;4;0,885;1,770;0,748;0,035;0;0,885;1,770;0,748;0,007;3,000
324;J10065_4.mm;0;0;32;CPM;0;32;1;1110000;32;4;697;32;805;100;7,130;0,504;0,061;0,136;0,089;0,735;0,145;4;0,885;1,770;0,737;0,037;0;0,890;1,780;0,749;0,007;3,000
325;J10065_5.mm;0;0;33;CPM;0;33;1;1125000;33;4;730;33;766;100;6,730;0,504;0,061;0,065;0,095;0,743;0,100;4;0,875;1,750;0,730;0,042;0;0,880;1,760;0,750;0,008;3,000
326;J10066_1.mm;0;0;27;CPM;0;27;1;1248000;27;4;776;27;821;100;7,320;0,504;0,051;0,136;0,151;0,805;0,072;4;0,860;1,720;0,745;0,038;0;1,000;2,000;0,753;0,009;3,000
327;J10066_2.mm;0;0;27;CPM;0;27;1;1213000;27;4;867;27;777;100;7,370;0,504;0,061;0,237;0,161;0,804;0,217;4;0,875;1,750;0,715;0,034;0;1,000;2,000;0,753;0,009;3,000
328;J10066_3.mm;0;0;44;CPM;0;44;1;1029000;44;4;1359;44;814;100;6,730;0,503;0,081;0,253;0,066;0,780;0,232;4;0,890;1,780;0,744;0,043;0;1,000;2,000;0,754;0,009;3,000
329;J10066_4.mm;0;0;28;CPM;0;28;1;1192000;28;4;955;28;812;100;7,030;0,503;0,061;0,149;0,102;0,775;0,145;4;0,870;1,740;0,731;0,033;0;1,000;2,000;0,754;0,009;3,000
330;J10066_5.mm;0;0;33;CPM;0;33;1;1267000;33;4;1047;33;839;100;6,510;0,504;0,071;0,211;0,075;0,759;0,217;4;0,885;1,770;0,719;0,045;0;1,000;2,000;0,755;0,009;3,000
331;J10067_1.mm;0;0;39;2;4010;39;4;10179;39;4;10179;28;777;100;7,310;0,504;0,071;0,137;0,072;0,720;0,233;4;1,000;2,000;0,744;0,053;0;0,850;1,700;0,245;0,019;3,000
332;J10067_2.mm;0;0;44;2;1960;44;1;2590000;44;4;12350;30;796;100;6,840;0,503;0,071;0,161;0,090;0,754;0,189;4;1,000;2,000;0,744;0,057;0;0,860;1,720;0,248;0,018;3,000
333;J10067_3.mm;0;0;45;2;224180;45;4;12661;45;4;12661;37;803;100;7,630;0,504;0,071;0,242;0,127;0,820;0,228;4;1,000;2,000;0,565;0,068;0;0,835;1,670;0,246;0,018;3,000
334;J10067_4.mm;0;0;46;2;1930;46;1;2634000;46;4;5326;40;802;100;6,830;0,504;0,061;0,152;0,095;0,768;0,156;4;1,000;2,000;0,748;0,055;0;0,830;1,660;0,246;0,019;3,000
335;J10067_5.mm;0;0;47;2;1900;47;4;1959;47;4;1959;38;813;100;7,350;0,503;0,061;0,186;0,126;0,796;0,125;4;1,000;2,000;0,740;0,051;0;0,855;1,710;0,243;0,018;3,000
336;J10068_1.mm;0;0;37;3;0;37;4;51585;37;4;51585;28;783;100;6,910;0,503;0,061;0,065;0,085;0,751;0,102;4;1,000;2,000;0,701;0,070;0;1,000;2,000;0,255;0,011;3,000
337;J10068_2.mm;0;0;39;CPM;0;39;1;1502000;39;4;1733;39;825;100;7,250;0,503;0,081;0,277;0,087;0,788;0,275;4;1,000;2,000;0,745;0,050;0;1,000;2,000;0,256;0,011;3,000
338;J10068_3.mm;0;0;36;2;199770;36;4;9977;36;4;9977;31;837;100;7,170;0,503;0,061;0,149;0,115;0,740;0,136;4;1,000;2,000;0,723;0,060;0;1,000;2,000;0,255;0,011;3,000
339;J10068_4.mm;0;0;36;3;0;36;4;133916;36;4;133916;30;833;100;6,840;0,503;0,071;0,186;0,104;0,778;0,199;4;1,000;2,000;0,824;0,061;0;1,000;2,000;0,254;0,011;3,000
340;J10068_5.mm;0;0;34;2;668260;34;4;20957;34;4;20957;30;825;100;6,760;0,504;0,071;0,217;0,095;0,769;0,213;4;1,000;2,000;0,727;0,057;0;1,000;2,000;0,252;0,011;3,000
341;J10069_1.mm;0;0;31;CPM;0;31;1;1693000;31;4;2354;31;810;100;6,950;0,503;0,061;0,190;0,106;0,744;0,091;4;1,000;2,000;0,745;0,050;0;0,905;1,810;0,501;0,011;3,000
342;J10069_2.mm;0;0;29;CPM;0;29;1;1634000;29;4;2222;29;791;100;6,530;0,503;0,081;0,206;0,108;0,780;0,249;4;1,000;2,000;0,742;0,054;0;0,890;1,780;0,499;0,011;3,000
343;J10069_3.mm;0;0;35;CPM;0;35;1;1541000;35;4;2396;35;797;100;6,610;0,504;0,071;0,267;0,094;0,800;0,220;4;1,000;2,000;0,745;0,046;0;0,860;1,720;0,498;0,011;3,000
344;J10069_4.mm;0;0;35;CPM;0;35;1;1550000;35;4;1618;35;824;100;6,670;0,504;0,081;0,205;0,097;0,766;0,275;4;1,000;2,000;0,748;0,055;0;0,870;1,740;0,503;0,011;3,000
345;J10069_5.mm;0;0;29;CPM;0;29;1;1618000;29;4;1142;29;773;100;6,760;0,503;0,081;0,227;0,087;0,772;0,246;4;1,000;2,000;0,722;0,061;0;0,880;1,760;0,501;0,011;3,000
346;J10070_1.mm;0;0;32;CPM;0;32;1;1455000;32;4;2535;32;777;100;6,930;0,504;0,071;0,168;0,090;0,764;0,239;4;1,000;2,000;0,750;0,060;0;1,000;2,000;0,507;0,010;3,000
347;J10070_2.mm;0;0;30;CPM;0;30;1;1393000;30;4;2881;30;810;100;7,360;0,504;0,061;0,211;0,151;0,816;0,194;4;1,000;2,000;0,737;0,058;0;1,000;2,000;0,506;0,010;3,000
348;J10070_3.mm;0;0;28;CPM;0;28;1;1370000;28;4;2047;28;817;100;7,350;0,504;0,081;0,240;0,079;0,778;0,249;4;1,000;2,000;0,946;0,053;0;1,000;2,000;0,507;0,010;3,000
349;J10070_4.mm;0;0;37;CPM;0;37;1;1392000;37;4;3565;37;822;100;6,870;0,503;0,071;0,224;0,102;0,800;0,216;4;1,000;2,000;0,715;0,060;0;1,000;2,000;0,505;0,010;3,000
350;J10070_5.mm;0;0;28;CPM;0;28;1;1441000;28;4;6976;28;803;100;7,140;0,503;0,061;0,186;0,124;0,816;0,142;4;1,000;2,000;0,819;0,056;0;1,000;2,000;0,505;0,010;3,000
351;J10071_1.mm;0;0;32;CPM;0;32;1;1117000;32;4;701;32;795;100;7,260;0,503;0,061;0,086;0,098;0,755;0,116;4;1,000;2,000;0,771;0,059;0;0,870;1,740;0,748;0,008;3,000
352;J10071_2.mm;0;0;30;CPM;0;30;1;1135000;30;4;1963;30;823;100;7,010;0,503;0,071;0,205;0,078;0,785;0,168;4;1,000;2,000;0,739;0,060;0;0,890;1,780;0,746;0,008;3,000
353;J10071_3.mm;0;0;28;CPM;0;28;1;1116000;28;4;749;28;779;100;6,380;0,503;0,071;0,193;0,092;0,765;0,146;4;1,000;2,000;0,845;0,056;0;0,885;1,770;0,749;0,008;3,000
354;J10071_4.mm;0;0;40;CPM;0;40;1;981000;40;4;707;40;792;100;6,900;0,504;0,081;0,315;0,098;0,788;0,265;4;1,000;2,000;0,750;0,058;0;0,825;1,650;0,750;0,008;3,000
355;J10071_5.mm;0;0;31;CPM;0;31;1;1132000;31;4;707;31;795;100;6,870;0,503;0,061;0,099;0,090;0,749;0,136;4;1,000;2,000;0,738;0,060;0;0,870;1,740;0,748;0,008;3,000
356;J10072_1.mm;0;0;32;CPM;0;32;1;1311000;32;4;2310;32;821;100;6,800;0,503;0,071;0,261;0,117;0,822;0,182;4;1,000;2,000;0,890;0,059;0;1,000;2,000;0,749;0,009;3,000
357;J10072_2.mm;0;0;31;CPM;0;31;1;1188000;31;4;2479;31;813;100;6,610;0,505;0,061;0,174;0,090;0,750;0,177;4;1,000;2,000;0,744;0,055;0;1,000;2,000;0,751;0,009;3,000
358;J10072_3.mm;0;0;34;CPM;0;34;1;1248000;34;4;2813;34;811;100;7,340;0,503;0,071;0,193;0,098;0,785;0,208;4;1,000;2,000;0,672;0,063;0;1,000;2,000;0,746;0,009;3,000
359;J10072_4.mm;0;0;32;CPM;0;32;1;1217000;32;4;3609;32;796;100;7,120;0,503;0,061;0,174;0,132;0,789;0,134;4;1,000;2,000;0,737;0,060;0;1,000;2,000;0,749;0,009;3,000
360;J10072_5.mm;0;0;34;CPM;0;34;1;1207000;34;4;1366;34;817;100;7,150;0,504;0,071;0,193;0,100;0,771;0,228;4;1,000;2,000;0,741;0,051;0;1,000;2,000;0,749;0,009;3,000
361;J10073_1.mm;0;0;80;4;12571850;80;4;12571850;80;4;12571850;62;797;100;5,480;0,752;0,152;0,279;0,165;0,895;0,150;4;0,870;1,740;0,229;0,144;0;0,845;1,690;0,251;0,017;3,000
362;J10073_2.mm;0;0;87;2;91900;87;4;2689265;87;4;2689265;54;799;100;4,610;0,752;0,141;0,151;0,133;0,894;0,091;4;0,875;1,750;0,271;0,139;0;0,830;1,660;0,245;0,019;3,000
363;J10073_3.mm;0;0;90;2;696940;90;4;629781;90;4;629781;58;819;100;5,210;0,752;0,152;0,210;0,140;0,880;0,125;4;0,835;1,670;0,273;0,147;0;0,820;1,640;0,246;0,019;3,000
364;J10073_4.mm;0;0;100;4;3024736;100;4;3024736;100;4;3024736;69;858;100;5,270;0,752;0,131;0,211;0,137;0,892;0,090;4;0,890;1,780;0,256;0,137;0;0,830;1,660;0,242;0,019;3,000
365;J10073_5.mm;0;0;85;4;7108582;85;4;7108582;85;4;7108582;55;796;100;4,960;0,752;0,131;0,202;0,140;0,890;0,089;4;0,880;1,760;0,236;0,135;0;0,850;1,700;0,246;0,018;3,000
366;J10074_1.mm;0;0;72;2;7200000;76;6;0;0;0;0;59;803;100;4,670;0,752;0,141;0,147;0,127;0,889;0,097;4;0,880;1,760;0,229;0,145;0;1,000;2,000;0,254;0,011;3,000
367;J10074_2.mm;0;0;77;2;7200000;82;6;0;0;0;0;70;855;100;4,960;0,752;0,131;0,188;0,159;0,917;0,074;4;0,885;1,770;0,274;0,139;0;1,000;2,000;0,259;0,011;3,000
368;J10074_3.mm;0;0;65;2;7200010;70;6;0;0;0;0;58;810;100;5,310;0,751;0,131;0,136;0,144;0,902;0,110;4;0,875;1,750;0,240;0,141;0;1,000;2,000;0,253;0,011;3,000
369;J10074_4.mm;0;0;69;2;7200050;75;5;3607;0;0;0;62;832;100;5,120;0,752;0,121;0,135;0,135;0,898;0,089;4;0,860;1,720;0,236;0,144;0;1,000;2,000;0,256;0,011;3,000
370;J10074_5.mm;0;0;71;4;17353630;71;4;17353630;71;4;17353630;54;805;100;4,880;0,752;0,131;0,191;0,156;0,901;0,106;4;0,860;1,720;0,236;0,132;0;1,000;2,000;0,254;0,011;3,000
371;J10075_1.mm;0;0;54;CPM;0;54;4;27619;54;4;27619;54;801;100;4,850;0,752;0,131;0,191;0,170;0,898;0,099;4;0,880;1,760;0,242;0,134;0;0,840;1,680;0,501;0,011;3,000
372;J10075_2.mm;0;0;66;CPM;0;66;1;1772000;66;4;27487;66;809;100;5,320;0,751;0,121;0,143;0,186;0,911;0,101;4;0,885;1,770;0,241;0,134;0;0,905;1,810;0,502;0,010;3,000
373;J10075_3.mm;0;0;61;CPM;0;61;4;26701;61;4;26701;61;807;100;5,110;0,751;0,141;0,189;0,116;0,896;0,102;4;0,885;1,770;0,259;0,130;0;0,905;1,810;0,500;0,010;3,000
374;J10075_4.mm;0;0;62;2;227140;62;4;39694;62;4;39694;61;805;100;4,830;0,753;0,141;0,126;0,131;0,885;0,093;4;0,845;1,690;0,238;0,149;0;0,880;1,760;0,499;0,011;3,000
375;J10075_5.mm;0;0;57;CPM;0;57;4;27540;57;4;27540;57;822;100;5,040;0,752;0,141;0,189;0,124;0,883;0,112;4;0,880;1,760;0,220;0,139;0;0,855;1,710;0,505;0,011;3,000
376;J10076_1.mm;0;0;57;3;0;59;6;0;0;0;0;56;783;100;4,870;0,752;0,131;0,113;0,159;0,893;0,072;4;0,905;1,810;0,240;0,143;0;1,000;2,000;0,499;0,010;3,000
377;J10076_2.mm;0;0;60;CPM;0;60;4;31490;60;4;31490;60;833;100;4,640;0,752;0,141;0,122;0,123;0,879;0,100;4;0,880;1,760;0,317;0,125;0;1,000;2,000;0,499;0,010;3,000
378;J10076_3.mm;0;0;53;3;0;58;5;3614;0;0;0;48;808;100;4,730;0,752;0,131;0,190;0,153;0,897;0,100;4;0,855;1,710;0,234;0,167;0;1,000;2,000;0,509;0,010;3,000
379;J10076_4.mm;0;0;61;4;4253940;61;4;4253940;61;4;4253940;57;779;100;4,880;0,752;0,152;0,216;0,112;0,902;0,102;4;0,915;1,830;0,263;0,145;0;1,000;2,000;0,505;0,010;3,000
380;J10076_5.mm;0;0;56;4;6768542;56;4;6768542;56;4;6768542;53;821;100;5,130;0,752;0,131;0,190;0,157;0,904;0,110;4;0,895;1,790;0,242;0,124;0;1,000;2,000;0,503;0,010;3,000
381;J10077_1.mm;0;0;59;2;1180;59;1;907000;59;4;33264;57;812;100;4,870;0,752;0,131;0,152;0,105;0,888;0,095;4;0,850;1,700;0,250;0,160;0;0,855;1,710;0,746;0,008;3,000
382;J10077_2.mm;0;0;64;CPM;0;64;1;1089000;64;4;27555;64;803;100;4,880;0,752;0,152;0,184;0,122;0,891;0,123;4;0,905;1,810;0,288;0,121;0;0,875;1,750;0,750;0,008;3,000
383;J10077_3.mm;0;0;66;CPM;0;66;1;1169000;66;4;25473;66;784;100;4,840;0,752;0,152;0,181;0,116;0,895;0,122;4;0,875;1,750;0,257;0,143;0;0,910;1,820;0,747;0,007;3,000
384;J10077_4.mm;0;0;52;2;610;52;1;959000;52;4;31099;51;818;100;5,180;0,752;0,121;0,155;0,149;0,898;0,091;4;0,890;1,780;0,304;0,131;0;0,880;1,760;0,750;0,007;3,000
385;J10077_5.mm;0;0;70;CPM;0;70;1;1076000;70;4;47206;70;817;100;5,440;0,752;0,121;0,168;0,175;0,913;0,076;4;0,860;1,720;0,221;0,137;0;0,865;1,730;0,750;0,008;3,000
386;J10078_1.mm;0;0;57;2;81390;57;1;1065000;57;4;87701;56;782;100;5,050;0,752;0,121;0,084;0,143;0,897;0,074;4;0,845;1,690;0,249;0,157;0;1,000;2,000;0,752;0,009;3,000
387;J10078_2.mm;0;0;45;2;216320;45;4;53118;45;4;53118;44;754;100;5,120;0,752;0,141;0,193;0,155;0,884;0,131;4;0,860;1,720;0,240;0,151;0;1,000;2,000;0,745;0,009;3,000
388;J10078_3.mm;0;0;51;CPM;0;51;1;1281000;51;4;31886;51;823;100;4,980;0,752;0,131;0,143;0,146;0,893;0,093;4;0,870;1,740;0,212;0,146;0;1,000;2,000;0,748;0,009;3,000
389;J10078_4.mm;0;0;59;CPM;0;59;1;1248000;59;4;37255;59;796;100;5,050;0,751;0,121;0,139;0,140;0,903;0,065;4;0,865;1,730;0,255;0,147;0;1,000;2,000;0,755;0,009;3,000
390;J10078_5.mm;0;0;50;2;786170;50;4;174770;50;4;174770;49;828;100;4,950;0,752;0,152;0,187;0,122;0,889;0,139;4;0,890;1,780;0,232;0,137;0;1,000;2,000;0,754;0,009;3,000
391;J10079_1.mm;0;0;117;3;0;129;1;1800000;0;0;0;57;761;100;4,900;0,752;0,141;0,181;0,157;0,886;0,101;4;1,000;2,000;0,197;0,240;0;0,835;1,670;0,250;0,018;3,000
392;J10079_2.mm;0;0;109;3;0;115;5;4132;0;0;0;58;798;100;5,170;0,751;0,131;0,200;0,154;0,892;0,090;4;1,000;2,000;0,265;0,211;0;0,840;1,680;0,244;0,018;3,000
393;J10079_3.mm;0;0;108;3;0;114;5;4801;0;0;0;64;813;100;5,280;0,752;0,131;0,175;0,156;0,901;0,114;4;1,000;2,000;0,272;0,212;0;0,855;1,710;0,244;0,018;3,000
394;J10079_4.mm;0;0;112;3;0;121;1;2004000;0;0;0;58;840;100;4,640;0,752;0,141;0,143;0,155;0,897;0,108;4;1,000;2,000;0,232;0,219;0;0,835;1,670;0,244;0,019;3,000
395;J10079_5.mm;0;0;101;3;0;114;5;4801;0;0;0;55;798;100;5,050;0,752;0,121;0,156;0,168;0,911;0,057;4;1,000;2,000;0,286;0,202;0;0,830;1,660;0,246;0,018;3,000
396;J10080_1.mm;0;0;95;3;0;101;5;4022;0;0;0;51;800;100;4,990;0,752;0,121;0,118;0,140;0,879;0,076;4;1,000;2,000;0,254;0,213;0;1,000;2,000;0,257;0,011;3,000
397;J10080_2.mm;0;0;81;3;0;92;1;15230000;0;0;0;48;796;100;4,880;0,751;0,141;0,176;0,120;0,890;0,103;4;1,000;2,000;0,267;0,187;0;1,000;2,000;0,253;0,011;3,000
398;J10080_3.mm;0;0;85;3;0;93;5;3608;0;0;0;53;802;100;4,590;0,753;0,121;0,139;0,154;0,907;0,067;4;1,000;2,000;0,240;0,195;0;1,000;2,000;0,255;0,011;3,000
399;J10080_4.mm;0;0;89;3;0;102;1;1392000;0;0;0;55;806;100;5,020;0,751;0,141;0,143;0,141;0,902;0,105;4;1,000;2,000;0,265;0,216;0;1,000;2,000;0,258;0,011;3,000
400;J10080_5.mm;0;0;74;3;0;84;1;16284000;0;0;0;51;797;100;5,060;0,751;0,141;0,256;0,158;0,901;0,109;4;1,000;2,000;0,250;0,176;0;1,000;2,000;0,258;0,011;3,000
401;J10081_1.mm;0;0;76;3;0;85;5;4802;0;0;0;53;787;100;5,040;0,751;0,131;0,152;0,143;0,905;0,102;4;1,000;2,000;0,210;0,234;0;0,880;1,760;0,501;0,011;3,000
402;J10081_2.mm;0;0;67;Capacity LB;0;74;5;4802;0;0;0;57;807;100;5,120;0,752;0,141;0,193;0,155;0,884;0,131;4;1,000;2,000;0,246;0,207;0;0,865;1,730;0,503;0,011;3,000
403;J10081_3.mm;0;0;64;Capacity LB;0;69;5;4011;0;0;0;56;791;100;4,860;0,752;0,131;0,202;0,178;0,908;0,106;4;1,000;2,000;0,230;0,198;0;0,865;1,730;0,503;0,011;3,000
404;J10081_4.mm;0;0;73;Capacity LB;0;78;5;4801;0;0;0;54;823;100;5,130;0,752;0,121;0,147;0,194;0,908;0,097;4;1,000;2,000;0,258;0,207;0;0,900;1,800;0,501;0,010;3,000
405;J10081_5.mm;0;0;75;3;0;82;1;16209000;0;0;0;59;852;100;5,050;0,751;0,111;0,136;0,181;0,910;0,035;4;1,000;2,000;0,240;0,207;0;0,840;1,680;0,500;0,011;3,000
406;J10082_1.mm;0;0;73;3;0;79;5;4802;0;0;0;50;800;100;5,190;0,752;0,131;0,175;0,181;0,902;0,108;4;1,000;2,000;0,243;0,196;0;1,000;2,000;0,507;0,010;3,000
407;J10082_2.mm;0;0;60;3;0;65;1;15163000;0;0;0;55;818;100;4,610;0,752;0,131;0,168;0,147;0,896;0,091;4;1,000;2,000;0,243;0,151;0;1,000;2,000;0,506;0,010;3,000
408;J10082_3.mm;0;0;70;3;0;78;5;3711;0;0;0;55;808;100;4,760;0,752;0,141;0,147;0,113;0,875;0,093;4;1,000;2,000;0,265;0,198;0;1,000;2,000;0,509;0,010;3,000
409;J10082_4.mm;0;0;84;3;0;94;5;4801;0;0;0;50;796;100;4,980;0,752;0,121;0,123;0,132;0,887;0,064;4;1,000;2,000;0,223;0,231;0;1,000;2,000;0,506;0,010;3,000
410;J10082_5.mm;0;0;86;3;0;91;1;15066000;0;0;0;63;815;100;4,990;0,752;0,131;0,102;0,142;0,887;0,116;4;1,000;2,000;0,241;0,229;0;1,000;2,000;0,508;0,010;3,000
411;J10083_1.mm;0;0;68;Capacity LB;0;74;1;990000;0;0;0;47;800;100;5,320;0,752;0,121;0,097;0,124;0,892;0,089;4;1,000;2,000;0,225;0,220;0;0,870;1,740;0,751;0,008;3,000
412;J10083_2.mm;0;0;74;Capacity LB;0;79;5;4801;0;0;0;57;828;100;5,310;0,752;0,121;0,109;0,181;0,903;0,076;4;1,000;2,000;0,271;0,219;0;0,860;1,720;0,750;0,008;3,000
413;J10083_3.mm;0;0;68;Capacity LB;0;71;5;4387;0;0;0;52;805;100;5,010;0,752;0,131;0,190;0,151;0,904;0,093;4;1,000;2,000;0,244;0,193;0;0,865;1,730;0,750;0,008;3,000
414;J10083_4.mm;0;0;77;Capacity LB;0;83;1;1047000;0;0;0;52;830;100;5,150;0,752;0,131;0,152;0,159;0,905;0,106;4;1,000;2,000;0,222;0,238;0;0,860;1,720;0,749;0,008;3,000
415;J10083_5.mm;0;0;81;Capacity LB;0;86;1;983000;0;0;0;61;811;100;4,990;0,752;0,131;0,127;0,130;0,895;0,065;4;1,000;2,000;0,240;0,245;0;0,885;1,770;0,749;0,007;3,000
416;J10084_1.mm;0;0;67;Capacity LB;0;74;1;1465000;0;0;0;47;797;100;5,250;0,752;0,131;0,225;0,171;0,894;0,115;4;1,000;2,000;0,231;0,205;0;1,000;2,000;0,752;0,009;3,000
417;J10084_2.mm;0;0;72;Capacity LB;0;81;5;4801;0;0;0;61;781;100;5,490;0,751;0,131;0,213;0,167;0,904;0,067;4;1,000;2,000;0,255;0,211;0;1,000;2,000;0,749;0,009;3,000
418;J10084_3.mm;0;0;74;3;0;78;5;4801;0;0;0;55;830;100;5,010;0,752;0,131;0,199;0,145;0,898;0,097;4;1,000;2,000;0,261;0,211;0;1,000;2,000;0,752;0,009;3,000
419;J10084_4.mm;0;0;79;3;0;87;1;1187000;0;0;0;50;797;100;5,210;0,752;0,131;0,161;0,126;0,884;0,092;4;1,000;2,000;0,246;0,236;0;1,000;2,000;0,748;0,009;3,000
420;J10084_5.mm;0;0;67;Capacity LB;0;73;5;4801;0;0;0;52;820;100;4,970;0,751;0,121;0,185;0,174;0,912;0,081;4;1,000;2,000;0,240;0,195;0;1,000;2,000;0,749;0,009;3,000
421;J10085_1.mm;0;0;80;2;6090;80;1;2176000;80;4;84851;71;796;100;4,950;0,752;0,152;0,187;0,122;0,889;0,139;4;0,885;1,770;0,432;0,099;0;0,815;1,630;0,246;0,018;3,000
422;J10085_2.mm;0;0;75;2;100630;75;4;637560;75;4;637560;53;787;100;4,920;0,752;0,131;0,102;0,116;0,891;0,114;4;0,845;1,690;0,431;0,094;0;0,820;1,640;0,245;0,018;3,000
423;J10085_3.mm;0;0;74;2;8230;74;4;86863;74;4;86863;55;788;100;5,210;0,752;0,121;0,147;0,165;0,901;0,090;4;0,895;1,790;0,470;0,077;0;0,840;1,680;0,249;0,018;3,000
424;J10085_4.mm;0;0;76;2;36140;76;4;400387;76;4;400387;49;796;100;5,320;0,752;0,121;0,155;0,152;0,895;0,104;4;0,865;1,730;0,509;0,094;0;0,840;1,680;0,245;0,018;3,000
425;J10085_5.mm;0;0;73;2;25420;73;4;302782;73;4;302782;52;811;100;5,010;0,752;0,141;0,181;0,155;0,866;0,126;4;0,890;1,780;0,507;0,087;0;0,820;1,640;0,248;0,018;3,000
426;J10086_1.mm;0;0;68;2;404160;68;4;251264;68;4;251264;56;849;100;5,090;0,751;0,131;0,215;0,166;0,898;0,097;4;0,885;1,770;0,533;0,080;0;1,000;2,000;0,257;0,011;3,000
427;J10086_2.mm;0;0;72;2;15700;72;4;28209;72;4;28209;68;855;100;4,970;0,752;0,141;0,244;0,161;0,903;0,119;4;0,855;1,710;0,499;0,086;0;1,000;2,000;0,259;0,011;3,000
428;J10086_3.mm;0;0;67;2;206770;67;4;201409;67;4;201409;56;790;100;4,750;0,751;0,131;0,186;0,149;0,915;0,066;4;0,895;1,790;0,500;0,087;0;1,000;2,000;0,254;0,011;3,000
429;J10086_4.mm;0;0;68;2;11390;68;4;46261;68;4;46261;60;825;100;4,590;0,753;0,121;0,139;0,154;0,907;0,067;4;0,900;1,800;0,547;0,078;0;1,000;2,000;0,253;0,011;3,000
430;J10086_5.mm;0;0;64;2;119710;64;1;14283000;64;4;137176;58;795;100;5,340;0,752;0,121;0,138;0,167;0,904;0,072;4;0,865;1,730;0,521;0,088;0;1,000;2,000;0,259;0,011;3,000
431;J10087_1.mm;0;0;50;CPM;0;50;1;1503000;50;4;29508;50;794;100;5,310;0,751;0,131;0,136;0,144;0,902;0,110;4;0,870;1,740;0,531;0,086;0;0,835;1,670;0,504;0,011;3,000
432;J10087_2.mm;0;0;59;CPM;0;59;1;1535000;59;4;32829;59;794;100;5,090;0,752;0,141;0,160;0,164;0,896;0,109;4;0,865;1,730;0,518;0,096;0;0,850;1,700;0,502;0,011;3,000
433;J10087_3.mm;0;0;59;CPM;0;59;1;1558000;59;4;26991;59;782;100;5,310;0,752;0,131;0,116;0,148;0,892;0,102;4;0,925;1,850;0,481;0,085;0;0,855;1,710;0,502;0,011;3,000
434;J10087_4.mm;0;0;69;CPM;0;69;1;1563000;69;4;29971;69;803;100;5,170;0,752;0,152;0,216;0,140;0,888;0,106;4;0,865;1,730;0,525;0,091;0;0,875;1,750;0,500;0,011;3,000
435;J10087_5.mm;0;0;55;CPM;0;55;1;1517000;55;4;25412;55;803;100;4,590;0,752;0,141;0,151;0,148;0,895;0,094;4;0,895;1,790;0,507;0,088;0;0,850;1,700;0,501;0,011;3,000
436;J10088_1.mm;0;0;56;CPM;0;56;1;15907000;56;4;36891;56;812;100;5,180;0,752;0,131;0,138;0,148;0,893;0,101;4;0,840;1,680;0,483;0,080;0;1,000;2,000;0,504;0,010;3,000
437;J10088_2.mm;0;0;49;2;180560;49;4;30963;49;4;30963;48;810;100;5,160;0,752;0,141;0,202;0,110;0,880;0,116;4;0,880;1,760;0,511;0,093;0;1,000;2,000;0,508;0,010;3,000
438;J10088_3.mm;0;0;53;2;129510;53;4;61979;53;4;61979;49;793;100;5,280;0,752;0,111;0,091;0,194;0,901;0,072;4;0,855;1,710;0,512;0,095;0;1,000;2,000;0,505;0,010;3,000
439;J10088_4.mm;0;0;50;2;11560;50;4;54362;50;4;54362;47;814;100;4,610;0,752;0,141;0,151;0,133;0,894;0,091;4;0,890;1,780;0,537;0,083;0;1,000;2,000;0,504;0,010;3,000
440;J10088_5.mm;0;0;55;CPM;0;55;4;28170;55;4;28170;55;793;100;4,890;0,752;0,131;0,249;0,162;0,912;0,094;4;0,875;1,750;0,469;0,091;0;1,000;2,000;0,510;0,010;3,000
441;J10089_1.mm;0;0;52;CPM;0;52;1;1107000;52;4;27539;52;789;100;5,000;0,752;0,121;0,105;0,156;0,903;0,081;4;0,870;1,740;0,559;0,089;0;0,885;1,770;0,749;0,008;3,000
442;J10089_2.mm;0;0;57;CPM;0;57;1;1188000;57;4;29130;57;817;100;5,220;0,752;0,131;0,190;0,157;0,905;0,057;4;0,885;1,770;0,675;0,080;0;0,885;1,770;0,749;0,007;3,000
443;J10089_3.mm;0;0;53;CPM;0;53;1;1055000;53;4;23664;53;790;100;5,010;0,752;0,131;0,199;0,145;0,898;0,097;4;0,855;1,710;0,578;0,089;0;0,870;1,740;0,751;0,008;3,000
444;J10089_4.mm;0;0;51;CPM;0;51;1;1156000;51;4;25262;51;814;100;4,780;0,752;0,141;0,189;0,139;0,893;0,109;4;0,885;1,770;0,533;0,092;0;0,880;1,760;0,747;0,008;3,000
445;J10089_5.mm;0;0;63;CPM;0;63;1;1082000;63;4;23957;63;805;100;5,250;0,752;0,131;0,225;0,171;0,894;0,115;4;0,850;1,700;0,576;0,084;0;0,865;1,730;0,751;0,008;3,000
446;J10090_1.mm;0;0;49;CPM;0;49;1;1297000;49;4;24840;49;825;100;4,890;0,752;0,131;0,191;0,173;0,882;0,096;4;0,890;1,780;0,448;0,092;0;1,000;2,000;0,752;0,009;3,000
447;J10090_2.mm;0;0;57;CPM;0;57;1;1214000;57;4;28397;57;796;100;5,270;0,752;0,131;0,211;0,137;0,892;0,090;4;0,880;1,760;0,481;0,092;0;1,000;2,000;0,755;0,009;3,000
448;J10090_3.mm;0;0;71;CPM;0;71;1;1181000;71;4;22296;71;813;100;5,020;0,751;0,152;0,216;0,117;0,892;0,105;4;0,920;1,840;0,500;0,073;0;1,000;2,000;0,751;0,009;3,000
449;J10090_4.mm;0;0;52;CPM;0;52;1;1245000;52;4;38350;52;757;100;5,300;0,752;0,131;0,163;0,178;0,895;0,094;4;0,885;1,770;0,431;0,081;0;1,000;2,000;0,752;0,009;3,000
450;J10090_5.mm;0;0;59;CPM;0;59;1;1196000;59;4;27041;59;806;100;5,230;0,751;0,121;0,164;0,159;0,901;0,102;4;0,870;1,740;0,493;0,077;0;1,000;2,000;0,754;0,009;3,000
451;J10091_1.mm;0;0;88;4;1581382;88;4;1581382;88;4;1581382;55;807;100;4,950;0,752;0,131;0,165;0,165;0,908;0,064;4;1,000;2,000;0,541;0,129;0;0,810;1,620;0,248;0,019;3,000
452;J10091_2.mm;0;0;83;4;6603598;83;1;2107000;83;4;6603598;56;796;100;4,850;0,752;0,141;0,181;0,118;0,901;0,109;4;1,000;2,000;0,436;0,140;0;0,830;1,660;0,243;0,018;3,000
453;J10091_3.mm;0;0;80;2;7200010;82;6;0;0;0;0;59;802;100;4,430;0,751;0,141;0,134;0,116;0,900;0,098;4;1,000;2,000;0,474;0,128;0;0,825;1,650;0,251;0,018;3,000
454;J10091_4.mm;0;0;80;4;8883741;80;4;8883741;80;4;8883741;52;757;100;5,450;0,751;0,141;0,214;0,139;0,890;0,119;4;1,000;2,000;0,493;0,124;0;0,820;1,640;0,242;0,018;3,000
455;J10091_5.mm;0;0;77;3;0;84;6;0;0;0;0;54;789;100;5,140;0,752;0,131;0,148;0,157;0,906;0,083;4;1,000;2,000;0,440;0,139;0;0,865;1,730;0,245;0,018;3,000
456;J10092_1.mm;0;0;72;2;833090;72;4;316682;72;4;316682;64;826;100;4,950;0,752;0,131;0,177;0,160;0,884;0,083;4;1,000;2,000;0,494;0,103;0;1,000;2,000;0,259;0,011;3,000
457;J10092_2.mm;0;0;74;3;0;80;5;3602;0;0;0;57;860;100;5,440;0,752;0,131;0,127;0,156;0,893;0,129;4;1,000;2,000;0,453;0,136;0;1,000;2,000;0,254;0,011;3,000
458;J10092_3.mm;0;0;65;4;18562512;65;4;18562512;65;4;18562512;44;800;100;5,170;0,752;0,111;0,149;0,192;0,902;0,042;4;1,000;2,000;0,488;0,119;0;1,000;2,000;0,259;0,011;3,000
459;J10092_4.mm;0;0;68;4;12087443;68;4;12087443;68;4;12087443;57;821;100;4,760;0,752;0,111;0,099;0,173;0,896;0,042;4;1,000;2,000;0,500;0,121;0;1,000;2,000;0,256;0,011;3,000
460;J10092_5.mm;0;0;65;2;7200040;71;5;3604;0;0;0;48;810;100;5,160;0,752;0,131;0,175;0,139;0,899;0,088;4;1,000;2,000;0,470;0,135;0;1,000;2,000;0,260;0,011;3,000
461;J10093_1.mm;0;0;55;CPM;0;55;1;1491000;55;4;20229;55;768;100;4,710;0,752;0,121;0,105;0,144;0,892;0,057;4;1,000;2,000;0,483;0,135;0;0,850;1,700;0,505;0,011;3,000
462;J10093_2.mm;0;0;57;CPM;0;57;1;1520000;57;4;21412;57;786;100;4,960;0,752;0,131;0,202;0,140;0,890;0,089;4;1,000;2,000;0,547;0,120;0;0,845;1,690;0,498;0,011;3,000
463;J10093_3.mm;0;0;60;CPM;0;60;1;1545000;60;4;29076;60;822;100;5,040;0,752;0,111;0,107;0,178;0,907;0,044;4;1,000;2,000;0,486;0,127;0;0,865;1,730;0,502;0,011;3,000
464;J10093_4.mm;0;0;60;CPM;0;60;1;1684000;60;4;23816;60;820;100;4,620;0,752;0,152;0,171;0,100;0,887;0,098;4;1,000;2,000;0,500;0,147;0;0,905;1,810;0,502;0,011;3,000
465;J10093_5.mm;0;0;60;CPM;0;60;1;1680000;60;4;27675;60;801;100;4,750;0,752;0,141;0,176;0,135;0,902;0,103;4;1,000;2,000;0,516;0,130;0;0,905;1,810;0,501;0,010;3,000
466;J10094_1.mm;0;0;51;3;0;54;5;3602;0;0;0;47;804;100;5,030;0,752;0,131;0,104;0,152;0,893;0,091;4;1,000;2,000;0,535;0,133;0;1,000;2,000;0,504;0,010;3,000
467;J10094_2.mm;0;0;58;CPM;0;58;4;36577;58;4;36577;58;799;100;5,200;0,752;0,131;0,177;0,155;0,889;0,109;4;1,000;2,000;0,533;0,117;0;1,000;2,000;0,508;0,010;3,000
468;J10094_3.mm;0;0;58;4;1683890;58;4;1683890;58;4;1683890;50;828;100;5,250;0,752;0,141;0,176;0,141;0,893;0,123;4;1,000;2,000;0,589;0,120;0;1,000;2,000;0,508;0,010;3,000
469;J10094_4.mm;0;0;53;3;0;55;1;1353000;0;0;0;50;815;100;5,000;0,752;0,131;0,165;0,149;0,902;0,103;4;1,000;2,000;0,494;0,119;0;1,000;2,000;0,501;0,010;3,000
470;J10094_5.mm;0;0;63;CPM;0;63;4;112970;63;4;112970;63;810;100;4,920;0,752;0,131;0,127;0,126;0,881;0,055;4;1,000;2,000;0,509;0,141;0;1,000;2,000;0,507;0,010;3,000
471;J10095_1.mm;0;0;54;CPM;0;54;4;104772;54;4;104772;54;812;100;4,960;0,751;0,131;0,211;0,168;0,906;0,089;4;1,000;2,000;0,492;0,145;0;0,860;1,720;0,751;0,008;3,000
472;J10095_2.mm;0;0;50;CPM;0;50;1;1072000;50;4;25035;50;793;100;4,850;0,752;0,131;0,191;0,170;0,898;0,099;4;1,000;2,000;0,500;0,123;0;0,840;1,680;0,751;0,008;3,000
473;J10095_3.mm;0;0;61;CPM;0;61;1;1106000;61;4;27698;61;794;100;5,140;0,752;0,131;0,148;0,157;0,906;0,083;4;1,000;2,000;0,482;0,133;0;0,880;1,760;0,749;0,008;3,000
474;J10095_4.mm;0;0;55;CPM;0;55;1;1085000;55;4;31689;55;799;100;4,900;0,752;0,141;0,181;0,157;0,886;0,101;4;1,000;2,000;0,542;0,128;0;0,870;1,740;0,748;0,008;3,000
475;J10095_5.mm;0;0;60;CPM;0;60;1;1055000;60;4;39234;60;821;100;5,010;0,752;0,141;0,181;0,155;0,866;0,126;4;1,000;2,000;0,410;0,131;0;0,825;1,650;0,748;0,008;3,000
476;J10096_1.mm;0;0;51;CPM;0;51;1;1384000;51;4;31787;51;775;100;5,350;0,752;0,111;0,145;0,181;0,897;0,049;4;1,000;2,000;0,553;0,112;0;1,000;2,000;0,752;0,009;3,000
477;J10096_2.mm;0;0;51;3;0;51;6;0;0;0;0;49;789;100;5,270;0,752;0,131;0,200;0,143;0,895;0,097;4;1,000;2,000;0,467;0,134;0;1,000;2,000;0,751;0,009;3,000
478;J10096_3.mm;0;0;52;3;0;52;4;41324435;52;4;41324435;49;810;100;5,010;0,751;0,131;0,200;0,168;0,900;0,064;4;1,000;2,000;0,466;0,137;0;1,000;2,000;0,754;0,009;3,000
479;J10096_4.mm;0;0;55;3;0;56;6;0;0;0;0;51;821;100;4,640;0,752;0,141;0,122;0,123;0,879;0,100;4;1,000;2,000;0,491;0,139;0;1,000;2,000;0,753;0,009;3,000
480;J10096_5.mm;0;0;60;CPM;0;60;1;1327000;60;4;27387;60;796;100;5,050;0,751;0,152;0,165;0,093;0,881;0,098;4;1,000;2,000;0,486;0,127;0;1,000;2,000;0,747;0,009;3,000
481;J10097_1.mm;0;0;76;2;15720;76;1;2197000;76;4;425390;49;787;100;4,710;0,752;0,141;0,189;0,125;0,887;0,112;4;0,865;1,730;0,756;0,076;0;0,830;1,660;0,242;0,019;3,000
482;J10097_2.mm;0;0;79;2;940;79;1;2357000;79;4;80369;56;814;100;5,030;0,752;0,131;0,211;0,145;0,897;0,113;4;0,905;1,810;0,877;0,053;0;0,825;1,650;0,246;0,019;3,000
483;J10097_3.mm;0;0;78;2;1140;78;4;22514;78;4;22514;51;830;100;5,160;0,752;0,141;0,202;0,110;0,880;0,116;4;0,890;1,780;0,736;0,062;0;0,805;1,610;0,248;0,018;3,000
484;J10097_4.mm;0;0;75;2;3450;75;1;25250000;75;4;229255;51;795;100;4,740;0,753;0,131;0,177;0,159;0,889;0,097;4;0,885;1,770;0,780;0,064;0;0,815;1,630;0,245;0,019;3,000
485;J10097_5.mm;0;0;78;2;3330;78;1;2503000;78;4;84304;56;792;100;5,110;0,752;0,121;0,126;0,149;0,901;0,087;4;0,860;1,720;0,741;0,066;0;0,840;1,680;0,248;0,018;3,000
486;J10098_1.mm;0;0;66;2;6890;66;4;66979;66;4;66979;54;787;100;4,710;0,752;0,141;0,160;0,121;0,890;0,100;4;0,845;1,690;0,794;0,061;0;1,000;2,000;0,255;0,011;3,000
487;J10098_2.mm;0;0;60;2;212930;60;4;286859;60;4;286859;51;818;100;5,360;0,752;0,131;0,127;0,116;0,885;0,109;4;0,885;1,770;0,813;0,051;0;1,000;2,000;0,255;0,011;3,000
488;J10098_3.mm;0;0;62;2;20620;62;4;169709;62;4;169709;50;803;100;5,110;0,753;0,131;0,148;0,137;0,891;0,106;4;0,870;1,740;0,699;0,066;0;1,000;2,000;0,258;0,011;3,000
489;J10098_4.mm;0;0;59;2;115510;59;4;216927;59;4;216927;47;785;100;4,990;0,752;0,121;0,118;0,140;0,879;0,076;4;0,895;1,790;0,783;0,065;0;1,000;2,000;0,252;0,011;3,000
490;J10098_5.mm;0;0;68;2;49180;68;1;1562000;68;4;305608;59;806;100;5,120;0,751;0,141;0,231;0,163;0,899;0,101;4;0,860;1,720;0,659;0,065;0;1,000;2,000;0,254;0,011;3,000
491;J10099_1.mm;0;0;60;CPM;0;60;1;1652000;60;4;35362;60;805;100;5,170;0,752;0,121;0,193;0,209;0,914;0,099;4;0,885;1,770;0,746;0,064;0;0,900;1,800;0,503;0,010;3,000
492;J10099_2.mm;0;0;50;CPM;0;50;1;1646000;50;4;28466;50;794;100;5,320;0,752;0,121;0,097;0,124;0,892;0,089;4;0,885;1,770;0,776;0,062;0;0,885;1,770;0,502;0,011;3,000
493;J10099_3.mm;0;0;57;CPM;0;57;1;1531000;57;4;30067;57;799;100;5,160;0,752;0,141;0,118;0,126;0,893;0,101;4;0,865;1,730;0,741;0,065;0;0,865;1,730;0,501;0,011;3,000
494;J10099_4.mm;0;0;57;CPM;0;57;1;1679000;57;4;27516;57;806;100;4,760;0,752;0,141;0,172;0,116;0,896;0,124;4;0,840;1,680;0,824;0,066;0;0,890;1,780;0,502;0,011;3,000
495;J10099_5.mm;0;0;50;CPM;0;50;1;1743000;50;4;23447;50;792;100;4,940;0,752;0,131;0,136;0,118;0,895;0,094;4;0,890;1,780;0,830;0,061;0;0,910;1,820;0,501;0,010;3,000
496;J100100_1.mm;0;0;51;CPM;0;51;1;1431000;51;4;35486;51;783;100;5,430;0,751;0,131;0,202;0,183;0,900;0,126;4;0,885;1,770;0,708;0,055;0;1,000;2,000;0,507;0,010;3,000
497;J100100_2.mm;0;0;58;CPM;0;58;1;1418000;58;4;26873;58;789;100;4,760;0,752;0,141;0,172;0,116;0,896;0,124;4;0,875;1,750;0,649;0,066;0;1,000;2,000;0,503;0,010;3,000
498;J100100_3.mm;0;0;52;2;3330;52;4;32399;52;4;32399;51;788;100;4,950;0,751;0,131;0,152;0,131;0,902;0,098;4;0,910;1,820;0,795;0,054;0;1,000;2,000;0,503;0,010;3,000
499;J100100_4.mm;0;0;55;CPM;0;55;1;1625000;55;4;43105;55;790;100;4,980;0,752;0,131;0,177;0,146;0,891;0,100;4;0,870;1,740;0,807;0,059;0;1,000;2,000;0,504;0,010;3,000
500;J100100_5.mm;0;0;57;CPM;0;57;1;1441000;57;4;28121;57;798;100;4,590;0,753;0,121;0,139;0,154;0,907;0,067;4;0,870;1,740;0,803;0,066;0;1,000;2,000;0,506;0,010;3,000
501;J100101_1.mm;0;0;55;CPM;0;55;1;1101000;55;4;38169;55;815;100;5,350;0,752;0,111;0,145;0,181;0,897;0,049;4;0,860;1,720;0,756;0,061;0;0,870;1,740;0,749;0,008;3,000
502;J100101_2.mm;0;0;58;CPM;0;58;1;1093000;58;4;22494;58;798;100;4,970;0,752;0,121;0,163;0,170;0,919;0,055;4;0,850;1,700;0,706;0,068;0;0,875;1,750;0,750;0,008;3,000
503;J100101_3.mm;0;0;52;CPM;0;52;1;1182000;52;4;34254;52;801;100;5,400;0,751;0,131;0,175;0,160;0,902;0,117;4;0,855;1,710;0,708;0,068;0;0,920;1,840;0,750;0,007;3,000
504;J100101_4.mm;0;0;58;CPM;0;58;1;1145000;58;4;20540;58;830;100;4,620;0,752;0,121;0,130;0,146;0,897;0,068;4;0,875;1,750;0,638;0,067;0;0,895;1,790;0,747;0,007;3,000
505;J100101_5.mm;0;0;64;CPM;0;64;1;1098000;64;4;24862;64;807;100;5,560;0,752;0,111;0,091;0,157;0,893;0,062;4;0,885;1,770;0,757;0,059;0;0,885;1,770;0,748;0,008;3,000
506;J100102_1.mm;0;0;55;CPM;0;55;1;1091000;55;4;20600;55;807;100;4,770;0,751;0,131;0,177;0,134;0,895;0,067;4;0,875;1,750;0,750;0,057;0;1,000;2,000;0,754;0,009;3,000
507;J100102_2.mm;0;0;48;CPM;0;48;1;1365000;48;4;19934;48;806;100;4,590;0,752;0,141;0,155;0,119;0,884;0,117;4;0,880;1,760;0,742;0,055;0;1,000;2,000;0,748;0,009;3,000
508;J100102_3.mm;0;0;56;CPM;0;56;1;1273000;56;4;30254;56;811;100;5,080;0,752;0,131;0,091;0,137;0,896;0,072;4;0,900;1,800;0,676;0,066;0;1,000;2,000;0,752;0,009;3,000
509;J100102_4.mm;0;0;52;CPM;0;52;1;1251000;52;4;26214;52;795;100;4,740;0,752;0,141;0,139;0,123;0,873;0,112;4;0,880;1,760;0,646;0,068;0;1,000;2,000;0,750;0,009;3,000
510;J100102_5.mm;0;0;54;CPM;0;54;1;1254000;54;4;30846;54;772;100;5,110;0,752;0,121;0,156;0,189;0,900;0,082;4;0,905;1,810;0,818;0,057;0;1,000;2,000;0,748;0,009;3,000
511;J100103_1.mm;0;0;84;2;6700;84;4;242550;84;4;242550;55;838;100;5,250;0,751;0,131;0,131;0,177;0,900;0,105;4;1,000;2,000;0,682;0,099;0;0,800;1,600;0,245;0,019;3,000
512;J100103_2.mm;0;0;90;2;2330;90;4;161477;90;4;161477;65;803;100;4,480;0,752;0,141;0,160;0,098;0,882;0,114;4;1,000;2,000;0,735;0,078;0;0,850;1,700;0,241;0,018;3,000
513;J100103_3.mm;0;0;72;2;14780;72;4;118015;72;4;118015;56;797;100;5,130;0,752;0,131;0,190;0,157;0,904;0,110;4;1,000;2,000;0,652;0,091;0;0,805;1,610;0,245;0,018;3,000
514;J100103_4.mm;0;0;79;2;3030;79;1;2397000;79;4;123596;50;784;100;4,750;0,752;0,121;0,155;0,170;0,887;0,089;4;1,000;2,000;0,742;0,073;0;0,820;1,640;0,245;0,019;3,000
515;J100103_5.mm;0;0;90;2;6220;90;1;2355000;90;4;335231;54;818;100;4,800;0,752;0,141;0,168;0,121;0,875;0,101;4;1,000;2,000;0,716;0,093;0;0,860;1,720;0,249;0,018;3,000
516;J100104_1.mm;0;0;68;2;563370;68;4;143900;68;4;143900;49;804;100;4,980;0,752;0,131;0,177;0,146;0,891;0,100;4;1,000;2,000;0,743;0,091;0;1,000;2,000;0,256;0,011;3,000
517;J100104_2.mm;0;0;72;2;19780;72;4;209331;72;4;209331;60;811;100;4,690;0,752;0,152;0,197;0,125;0,870;0,117;4;1,000;2,000;0,735;0,079;0;1,000;2,000;0,254;0,011;3,000
518;J100104_3.mm;0;0;66;2;113920;66;4;171782;66;4;171782;51;784;100;4,630;0,752;0,131;0,215;0,162;0,896;0,101;4;1,000;2,000;0,729;0,091;0;1,000;2,000;0,258;0,011;3,000
519;J100104_4.mm;0;0;64;2;195640;64;1;13723000;64;4;2531114;48;813;100;5,190;0,752;0,131;0,175;0,173;0,912;0,093;4;1,000;2,000;0,708;0,091;0;1,000;2,000;0,259;0,011;3,000
520;J100104_5.mm;0;0;69;2;40330;69;4;83407;69;4;83407;64;782;100;5,200;0,752;0,131;0,177;0,155;0,889;0,109;4;1,000;2,000;0,844;0,087;0;1,000;2,000;0,250;0,011;3,000
521;J100105_1.mm;0;0;62;CPM;0;62;1;1639000;62;4;25160;62;801;100;4,680;0,751;0,152;0,273;0,147;0,900;0,100;4;1,000;2,000;0,668;0,102;0;0,895;1,790;0,499;0,011;3,000
522;J100105_2.mm;0;0;53;CPM;0;53;1;1617000;53;4;29694;53;812;100;5,620;0,752;0,111;0,132;0,209;0,914;0,053;4;1,000;2,000;0,796;0,095;0;0,885;1,770;0,503;0,011;3,000
523;J100105_3.mm;0;0;65;CPM;0;65;1;1512000;65;4;27126;65;813;100;5,250;0,752;0,141;0,176;0,141;0,893;0,123;4;1,000;2,000;0,875;0,086;0;0,850;1,700;0,501;0,011;3,000
524;J100105_4.mm;0;0;58;CPM;0;58;1;1479000;58;4;23285;58;762;100;4,800;0,752;0,121;0,098;0,137;0,894;0,062;4;1,000;2,000;0,740;0,084;0;0,840;1,680;0,501;0,012;3,000
525;J100105_5.mm;0;0;52;CPM;0;52;1;1655000;52;4;25746;52;780;100;4,940;0,751;0,141;0,214;0,138;0,898;0,105;4;1,000;2,000;0,772;0,087;0;0,895;1,790;0,502;0,010;3,000
526;J100106_1.mm;0;0;58;CPM;0;58;1;1411000;58;4;30480;58;787;100;4,860;0,752;0,152;0,222;0,150;0,888;0,125;4;1,000;2,000;0,736;0,097;0;1,000;2,000;0,501;0,010;3,000
527;J100106_2.mm;0;0;55;CPM;0;55;1;1355000;55;4;21882;55;765;100;5,020;0,752;0,121;0,176;0,185;0,913;0,079;4;1,000;2,000;0,696;0,090;0;1,000;2,000;0,508;0,010;3,000
528;J100106_3.mm;0;0;55;CPM;0;55;1;1519000;55;4;25132;55;813;100;4,630;0,752;0,131;0,215;0,162;0,896;0,101;4;1,000;2,000;0,753;0,087;0;1,000;2,000;0,506;0,010;3,000
529;J100106_4.mm;0;0;58;CPM;0;58;4;79215;58;4;79215;58;829;100;4,720;0,752;0,131;0,140;0,144;0,905;0,093;4;1,000;2,000;0,600;0,112;0;1,000;2,000;0,505;0,010;3,000
530;J100106_5.mm;0;0;59;CPM;0;59;1;13393000;59;4;20232;59;815;100;4,820;0,752;0,131;0,191;0,167;0,890;0,080;4;1,000;2,000;0,747;0,086;0;1,000;2,000;0,503;0,010;3,000
531;J100107_1.mm;0;0;62;CPM;0;62;1;1066000;62;4;27156;62;828;100;4,950;0,752;0,131;0,165;0,165;0,908;0,064;4;1,000;2,000;0,786;0,091;0;0,875;1,750;0,748;0,008;3,000
532;J100107_2.mm;0;0;57;CPM;0;57;1;1116000;57;4;26387;57;794;100;4,950;0,752;0,131;0,163;0,160;0,899;0,076;4;1,000;2,000;0,786;0,102;0;0,875;1,750;0,747;0,008;3,000
533;J100107_3.mm;0;0;52;CPM;0;52;1;1201000;52;4;25364;52;795;100;5,140;0,752;0,121;0,148;0,140;0,889;0,085;4;1,000;2,000;0,635;0,095;0;0,885;1,770;0,749;0,008;3,000
534;J100107_4.mm;0;0;54;CPM;0;54;1;1157000;54;4;19451;54;794;100;4,870;0,752;0,131;0,152;0,105;0,888;0,095;4;1,000;2,000;0,768;0,086;0;0,885;1,770;0,750;0,008;3,000
535;J100107_5.mm;0;0;56;CPM;0;56;1;1118000;56;4;27334;56;792;100;4,900;0,752;0,141;0,181;0,157;0,886;0,101;4;1,000;2,000;0,715;0,110;0;0,865;1,730;0,751;0,008;3,000
536;J100108_1.mm;0;0;58;CPM;0;58;1;1213000;58;4;29008;58;823;100;4,830;0,752;0,131;0,163;0,153;0,902;0,083;4;1,000;2,000;0,831;0,094;0;1,000;2,000;0,752;0,009;3,000
537;J100108_2.mm;0;0;53;CPM;0;53;1;1285000;53;4;23067;53;803;100;5,010;0,752;0,141;0,168;0,111;0,881;0,118;4;1,000;2,000;0,810;0,094;0;1,000;2,000;0,755;0,009;3,000
538;J100108_3.mm;0;0;54;CPM;0;54;1;1239000;54;4;23412;54;807;100;4,960;0,752;0,121;0,139;0,172;0,902;0,074;4;1,000;2,000;0,785;0,092;0;1,000;2,000;0,750;0,009;3,000
539;J100108_4.mm;0;0;51;CPM;0;51;1;1351000;51;4;24710;51;773;100;5,210;0,752;0,152;0,210;0,140;0,880;0,125;4;1,000;2,000;0,682;0,106;0;1,000;2,000;0,751;0,009;3,000
540;J100108_5.mm;0;0;52;CPM;0;52;1;1474000;52;4;19569;52;806;100;4,840;0,752;0,131;0,188;0,144;0,906;0,100;4;1,000;2,000;0,712;0,109;0;1,000;2,000;0,753;0,009;3,000
# Record sets:
ID;1
# Author(s); Coelho J.,  Vanhoucke M.
# Reference; Coelho J., Vanhoucke M. 2011. 'Multi-mode resource-constrained project scheduling using RCPSP and SAT solvers', European Journal of Operational Research 213, 1: 73 - 82.
# Date; 2011/01/01
# Hardware / software; Stevin Supercomputer Infrastructure, C++, compiler intel/2017.02, Linux
# Stop criteria;cumulated results from several runs, on open instances only. Maximal run: 10 runs x 500k schedules
# Submission date; 2017/5/26
ID;2
﻿# Author(s);Schnell, A., & Hartl, R. F.
# Reference;Schnell, A., & Hartl, R. F. (2017). On the generalization of constraint programming and boolean satisfiability solving techniques to schedule a resource-constrained project consisting of multi-mode jobs. Operations Research Perspectives, 4, 1–11. https://doi.org/10.1016/j.orp.2017.01.002
# Date;16.01.2017
# Hardware / software;Vienna Scientific Cluster. X86-64 architecture running under Red Hat/Linux with two sixcore Intel Westmere X5650 processors of 2,66GHz and with 24GB RAM. 
# Stop criteria;7200 s
# Submission date;16.01.2017
ID;3
# Author(s);Strck, Christian
# Reference;Strck, Christian (2018) Exakte Methoden und Matheuristiken fr das Multi-Mode Resource-Constrained Project Scheduling Problem (Exact and matheuristic approaches for the multi-mode resource-constrained project scheduling problem), Dissertation (Helmut Schmidt University Hamburg), Wissenschaftlicher Verlag Berlin, Berlin.
# Date;20.02.2018
# Hardware / software;Intel Xeon X5650 Prozessor, 2,66 GHz, C#, Visual Studio 2015 (x64), IBM ILOG CPLEX 12.6.3
# Stop criteria;maximum of 1800 seconds
# Submission date;23.04.2018
ID;4
﻿# Author(s);Araujo, J. A. S., Santos, H. G., Gendron, B., Jena, S. D., Brito, S. S., & Souza, D. S.
# Reference;Araujo, J. A. S., Santos, H. G., Gendron, B., Jena, S. D., Brito, S. S., & Souza, D. S. (2020). Strong bounds for resource constrained project scheduling: Preprocessing and cutting planes. Computers & Operations Research, 113, 104782. https://doi.org/10.1016/j.cor.2019.104782
# Date;2020
# Hardware / software;All computational experiments have been carried out on a computing cluster (Compute Canada) composed by Intel ® Xeon X5650 Westmere processors with 2,67 GHz and 512 GB of RAM running Scientific Linux release 6.3. All algorithms were coded in ANSI C 99 and compiled with GCC version 5.4.0, with flags -Ofast and solver GUROBI version 8.0.1 (Gurobi Optimization, 2016).
# Stop criteria;86000 seconds
# Submission date;2021
ID;5
# Author(s);Alireza Etminaniesfahani, Hanyu Gu, Leila Moslemi Naeni, Amir Salehipour
# Reference;Alireza Etminaniesfahani, Hanyu Gu, Leila Moslemi Naeni, Amir Salehipour. 2023. An efficient relax-and-solve method for the multi-mode resource constrained project scheduling problem. Annals of Operations Research.
# Date;2023/12
# Hardware / software;Intel Xeon Gold 6238R 2.2 GHz / Python 3.6.5 / CPLEX CP optimizer version 12.10.0.0
# Stop criteria;50000 schedules
# Submission date;2024/05
ID;6
# Author(s);Several authors
# Reference;Data downloaded from the site www.mmlib.eu
# Date;23.04.2018
# Hardware / software;not specified
# Stop criteria;none
# Submission date;23.04.2018
